workload,config,seed,dci,eff_rank,stable_rank,p1
tpch,template_only,0,1.006416817517787,1.0240121279949501,1.0032059193869176,0.9968043256873156
tpch,template_only,1,1.0157914542518882,1.0506401756201007,1.0078870263018032,0.9921746921073659
tpch,template_only,2,1.074935124061878,1.17835105228212,1.037426169581501,0.9639240163021925
tpch,template_only,3,1.009868874646707,1.0321398921471976,1.0049338788584334,0.995090344785631
tpch,template_only,4,1.0117529605991036,1.0391453276272495,1.0058720303036564,0.9941622491462621
tpch,template_only,5,1.0395502207494618,1.1028751262722583,1.0197729349758045,0.9806104532708808
tpch,template_only,6,1.0139031383602346,1.0458062156982617,1.0069436295997682,0.9931042519207077
tpch,template_only,7,1.0067483326558129,1.024095735178987,1.0033728960742114,0.996638442111195
tpch,template_only,8,1.022563363494791,1.0687928360486851,1.011263412593689,0.9888620388581046
tpch,template_only,9,1.047924218758578,1.1245215171451897,1.023932079919143,0.9766272779332856
tpch,template_only,10,1.0374090466571213,1.101638152340981,1.018683190869302,0.9816594687761967
tpch,template_only,11,1.025227369739951,1.073722165791376,1.0126003869686013,0.9875564071170041
tpch,template_only,12,1.0402591381835529,1.1081143908380613,1.0201048126407364,0.9802914245755872
tpch,template_only,13,1.0231397431253693,1.0717810436263422,1.0115430064627076,0.9885887140843643
tpch,template_only,14,1.008845275082752,1.0301786038730882,1.0044209033392022,0.9955985550235913
tpch,template_only,15,1.0148736040482396,1.0460932889428765,1.0074345058913337,0.992620358099849
tpch,template_only,16,1.0425258835537803,1.110500673474243,1.0212535663908915,0.9791887469573286
tpch,template_only,17,1.0100316303227057,1.0350302253830086,1.0050106593801322,0.9950143221533365
tpch,template_only,18,1.016920260800454,1.0535223120698476,1.0084508405538137,0.9916199776786613
tpch,template_only,19,1.0190977597418214,1.0592717122855464,1.0095373620470351,0.9905527398929582
tpch,template_only,20,1.0327299515664075,1.0934043445903714,1.0163329722929944,0.9839295066299535
tpch,template_only,21,1.0246759980314928,1.074303003934982,1.0123158206442042,0.9878340134639337
tpch,template_only,22,1.0014700290763923,1.006052681764983,1.0007350149352856,0.9992655249148716
tpch,template_only,23,1.0313131669385123,1.0898069644257735,1.0156283201639518,0.9846121658350084
tpch,template_only,24,1.0196335163617414,1.0602328867172923,1.0098063501567303,0.9902888804816803
tpch,template_only,25,1.016341901010265,1.0513619352855728,1.0081641863148456,0.9919019278549376
tpch,template_only,26,1.0322923383755132,1.0884790720254736,1.0161371585927212,0.9841191137866958
tpch,template_only,27,1.0365451962394632,1.101967328404178,1.0182367578960536,0.9820898649016211
tpch,template_only,28,1.0835668249390495,1.188425594553074,1.0418156384391126,0.9598627272462886
tpch,template_only,29,1.0223376681586078,1.062642068323476,1.0111702276592505,0.9889531679694443
tpch,template_only,30,1.017295790308788,1.0519883332617797,1.0086458447223587,0.9914282651660171
tpch,template_only,31,1.0370503212372169,1.1009045262392403,1.0185036847966689,0.9818324812439311
tpch,template_only,32,1.0267006772099083,1.0750648319972316,1.0133454360715932,0.9868303190634291
tpch,template_only,33,1.033129285337588,1.0914299675080081,1.0165497496095204,0.9837196855187093
tpch,template_only,34,1.0134445364088125,1.0445224391847108,1.0067147907067118,0.9933299969676636
tpch,template_only,35,1.024882038288533,1.0720222953124465,1.0124317510939715,0.9877208996255415
tpch,template_only,36,1.0265842663071374,1.0799100710313005,1.0132620930757033,0.9869114879888116
tpch,template_only,37,1.017788714150449,1.0554975619979943,1.0088853830039037,0.9911928717041694
tpch,template_only,38,1.0054257990799988,1.0188744017013405,1.0027129195067561,0.9972944205126122
tpch,template_only,39,1.0119088927639694,1.041119386374196,1.0059457772806948,0.9940893660324638
tpch,template_only,40,1.011846686446365,1.0405258490183737,1.0059159304118597,0.994118861991342
tpch,template_only,41,1.0101887160508074,1.032354457499835,1.0050944902435102,0.9949313320359802
tpch,template_only,42,1.0431503032475755,1.1109749380989669,1.0215707901871953,0.9788846838668491
tpch,template_only,43,1.0377323454324057,1.1018727089469689,1.0188476720284139,0.9815009912218867
tpch,template_only,44,1.0104142186664065,1.032961677726166,1.0052072505263578,0.9948197244661424
tpch,template_only,45,1.037463846559736,1.09706695960945,1.0187353022079957,0.9816092539765834
tpch,template_only,46,1.0530853539997003,1.1333890883830415,1.026525157236,0.9741602462939914
tpch,template_only,47,1.0106232759494003,1.0343147991757742,1.0053108709057015,0.9947171854404432
tpch,template_only,48,1.007792816567606,1.0283186805572897,1.0038929691655483,0.9961221272734044
tpch,template_only,49,1.01802175688725,1.055564093357208,1.009003562716805,0.9910767780714645
tpch,volume_only,0,1.6683915095580857,1.8288449429779123,1.3801764422431195,0.7245450432227049
tpch,volume_only,1,1.4143338240531098,1.6285814446524765,1.2154168065909408,0.8227630180669032
tpch,volume_only,2,1.3913457496393296,1.590870361558837,1.2031184468434948,0.8311733583867847
tpch,volume_only,3,1.534528463539012,1.7097268401615262,1.2893149119972485,0.7756057040020756
tpch,volume_only,4,1.2867027260403903,1.484896656851123,1.145763729231167,0.8727802901135839
tpch,volume_only,5,1.5520592998709064,1.7490428588226754,1.2986259164483491,0.7700446967321659
tpch,volume_only,6,1.6121758387480858,1.7952446896420333,1.3384127194260125,0.7471536884593093
tpch,volume_only,7,1.0127570291603236,1.039144150764164,1.0063787741140056,0.9936616567458696
tpch,volume_only,8,1.4732974532000926,1.6611293483693683,1.251131820370896,0.7992762902501764
tpch,volume_only,9,1.289649287695839,1.4872646994703818,1.1473703097630719,0.8715581983348485
tpch,volume_only,10,1.7909116792728876,1.9106277482706642,1.4850177754089264,0.6733926129097223
tpch,volume_only,11,1.282905426251686,1.4801653784234663,1.1437659847506265,0.8743047208367789
tpch,volume_only,12,1.630548474972451,1.8076107665502372,1.351745679537974,0.7397841288768162
tpch,volume_only,13,1.6456013315569644,1.8182326499740675,1.36263709955295,0.7338711094304398
tpch,volume_only,14,1.6346620332332709,1.8126347200863917,1.3541430840239257,0.7384743989006198
tpch,volume_only,15,1.3744850312345303,1.5591127417997261,1.1943122803954769,0.8373019489248378
tpch,volume_only,16,1.6473399439118328,1.8225272806049102,1.3631916810076492,0.7335725517784969
tpch,volume_only,17,1.2791229051150088,1.4815125836287142,1.1415212502692345,0.8760239897103486
tpch,volume_only,18,1.5741430890334027,1.7556116443119605,1.3140292320653255,0.7610180775265174
tpch,volume_only,19,1.6663401862419636,1.8273230304002184,1.3786350434652463,0.7253551291474978
tpch,volume_only,20,1.2779109427424298,1.473084729260228,1.1411755858170742,0.8762893391940264
tpch,volume_only,21,1.5568125728400992,1.7425046490210305,1.3025576824189593,0.7677203194125851
tpch,volume_only,22,1.5300801385705878,1.7208069856821144,1.2854079484785355,0.7779631370598287
tpch,volume_only,23,1.014215388658822,1.0428891923297998,1.007108053441571,0.9929421143865539
tpch,volume_only,24,1.292711587154624,1.4986503740573396,1.1486452624850017,0.8705908017559576
tpch,volume_only,25,1.6458410268046595,1.8184264930784804,1.3628084840149244,0.7337788190560229
tpch,volume_only,26,1.53857310951855,1.727415880319936,1.2906813868754874,0.7747845519185987
tpch,volume_only,27,1.6375934887536796,1.812649701817667,1.356807494688873,0.7370242307139585
tpch,volume_only,28,1.280308232226689,1.4771266303788861,1.1423926354545468,0.875355783086005
tpch,volume_only,29,1.626370256023618,1.7977241920294798,1.3494564567347704,0.7410391013428198
tpch,volume_only,30,1.6186865953553966,1.773856377415097,1.3460705498037322,0.7429031116874282
tpch,volume_only,31,1.6471350967653957,1.8191095232713503,1.3637874339326097,0.7332521000845459
tpch,volume_only,32,1.545387787877665,1.7334994887476283,1.2951467820288334,0.7721132568723298
tpch,volume_only,33,1.0000000000000002,1.000000000000003,1.0000000000000002,0.9999999999999999
tpch,volume_only,34,1.0137667907272,1.0417449080138392,1.0068837215375723,0.9931633401252525
tpch,volume_only,35,1.3848213192696643,1.5847151876089374,1.19943487454098,0.8337259664745841
tpch,volume_only,36,1.0133043201087903,1.040558168637396,1.0066524544467375,0.9933915082436335
tpch,volume_only,37,1.0130870573209028,1.0399981044308153,1.006543808863735,0.9934987341771818
tpch,volume_only,38,1.0134872784293762,1.0410285291216537,1.006743945920839,0.9933012302202916
tpch,volume_only,39,1.299577931684834,1.5068908212919654,1.152273364556838,0.8678496186402763
tpch,volume_only,40,1.2966538568873678,1.4957672331932854,1.1510747572014386,0.8687533053294119
tpch,volume_only,41,1.5676907153104722,1.7346764535410724,1.3110568922376098,0.7627434064232543
tpch,volume_only,42,1.6546442762403057,1.8152180436655525,1.3706086005323168,0.7296028929131337
tpch,volume_only,43,1.0275158624118066,1.0815473913653388,1.0137301564559236,0.9864558074271704
tpch,volume_only,44,1.3062160752460643,1.5073031220568098,1.1561467097615732,0.8649421319602469
tpch,volume_only,45,1.2311027849498066,1.4278453347508249,1.1164033129805797,0.8957336370941021
tpch,volume_only,46,1.5496684505520604,1.7369069304374345,1.2979107962561376,0.7704689743582763
tpch,volume_only,47,1.0126278055311069,1.0388087116384928,1.0063141544916823,0.9937254638986255
tpch,volume_only,48,1.3748558875378833,1.574911219922261,1.1938551755251743,0.8376225362176799
tpch,volume_only,49,1.7930605197402127,1.9122312078606392,1.4870687479613638,0.6724638664963603
tpch,mixed,0,2.1602859297489463,2.432530343938905,1.7478953508338406,0.5721166313091605
tpch,mixed,1,1.7443765031619547,1.944957115582502,1.4270792175572116,0.7007319479515229
tpch,mixed,2,1.8655229946605623,2.146794456818991,1.487648473857963,0.672201812170499
tpch,mixed,3,1.8514986702912692,1.939997505976616,1.5533446998329967,0.6437721132389431
tpch,mixed,4,1.8615420405704286,1.9437630297538837,1.5665859000201514,0.6383307803211664
tpch,mixed,5,1.6916372605046666,1.8581880453176318,1.396471710935745,0.7160904099732333
tpch,mixed,6,1.5820418742855258,1.7600244984656277,1.319346559292634,0.7579509666786479
tpch,mixed,7,1.9849271330856724,2.2677393643358665,1.5607533619190652,0.6407162235873218
tpch,mixed,8,2.2134846904069736,2.504840053922516,1.685095876180384,0.5934380435769064
tpch,mixed,9,2.091459588805144,2.3061144714487782,1.7163709960414562,0.5826246203800607
tpch,mixed,10,1.8932285139671277,2.0349907811688506,1.5746982420941262,0.6350423041497406
tpch,mixed,11,2.1913753387342116,2.4553120659834526,1.8034279245821025,0.5544995651721008
tpch,mixed,12,2.3707982511797447,2.59072313403608,1.907769033988016,0.524172466469692
tpch,mixed,13,2.0701160695489755,2.3004973007747567,1.6657377970822638,0.6003345795188282
tpch,mixed,14,2.501438420568714,2.8155438967970623,1.9053409841145628,0.5248404397623941
tpch,mixed,15,1.8081190152266768,1.96991288289458,1.48836701523849,0.6718772922011873
tpch,mixed,16,2.313374575708166,2.613739158604322,1.8787438944801043,0.5322705255027457
tpch,mixed,17,2.1967901437678483,2.437995383355785,1.7772703745843677,0.5626605913767397
tpch,mixed,18,1.653920805203829,1.813465559235468,1.370350513534246,0.7297403037569696
tpch,mixed,19,1.8406178794411543,2.0070884937371103,1.5162305735190549,0.6595302966877107
tpch,mixed,20,2.1735112617382777,2.451714528847745,1.748359917105631,0.5719646110713157
tpch,mixed,21,1.7538081048282184,1.896301211561473,1.4482717521526605,0.6904781499146379
tpch,mixed,22,1.7307598564275524,1.8908485602870726,1.427140014433501,0.7007020964211048
tpch,mixed,23,1.8841104263999207,2.0877013547057874,1.5368316940499014,0.6506893395494547
tpch,mixed,24,1.6648396644053025,1.8540656167688898,1.3741200766483204,0.7277384393066624
tpch,mixed,25,1.6325375897297232,1.7986531225099909,1.354375303568621,0.7383477809770428
tpch,mixed,26,1.7021018881466115,1.8569372917372116,1.4058924942860271,0.7112919402189732
tpch,mixed,27,2.3547633217825017,2.6282205106673766,2.1164032801969266,0.4724997401756778
tpch,mixed,28,1.9153109564870159,2.007361798131352,1.6267240866837553,0.614732398804399
tpch,mixed,29,2.0900661063746915,2.35164554266007,1.6863594655612055,0.592993380368763
tpch,mixed,30,2.202014571310501,2.407177208183524,1.924768160005678,0.5195430913596627
tpch,mixed,31,2.2118832088539793,2.4349707402776444,1.8728314011164802,0.5339508934994652
tpch,mixed,32,1.976965818778254,2.160803201049423,1.631788901352326,0.6128243666636424
tpch,mixed,33,1.93608914802321,2.148369181310265,1.5749928473755628,0.6349235183298242
tpch,mixed,34,1.685210570535996,1.8467346128178257,1.392419884743049,0.7181741735787806
tpch,mixed,35,2.26284271163915,2.4781205025961346,2.0216420243240303,0.49464741431380105
tpch,mixed,36,1.8178856136659447,1.9300293337736392,1.5118257674901543,0.6614518825539945
tpch,mixed,37,1.9062747607990391,2.075642682276331,1.576458931030249,0.6343330487819806
tpch,mixed,38,1.8880410373516354,2.028241727920992,1.5692674322358453,0.637240013689209
tpch,mixed,39,2.1502363459314076,2.321305300336123,1.8640955926995237,0.5364531754253181
tpch,mixed,40,1.805485476253793,2.0196821428709146,1.4671191353974664,0.6816079048202748
tpch,mixed,41,2.3300692240136716,2.5599376100175624,1.8864364512287934,0.5301000197216379
tpch,mixed,42,1.7960235110235803,1.9286045787635648,1.4875084643692869,0.6722650821513184
tpch,mixed,43,2.242605593988689,2.4303324961547483,2.073948338945313,0.48217208752101354
tpch,mixed,44,2.1762279656933523,2.4645012055377853,1.683957683808542,0.5938391502441669
tpch,mixed,45,1.6141195856677182,1.8016110692647154,1.3394737899311637,0.7465618271271964
tpch,mixed,46,1.6503647016934757,1.8624180628151192,1.3598385659419123,0.7353814085331043
tpch,mixed,47,1.6985366745702777,1.8862548758921627,1.3974706026390118,0.7155785589418338
tpch,mixed,48,1.9131859678213416,2.095548093383399,1.573112557448126,0.6356824216203457
tpch,mixed,49,2.3624930764173935,2.594157138678797,1.9326152406781005,0.5174335682301294
pgbench,template_only,0,1.0457384196934914,1.1130702696695443,1.022881182988056,0.9776306541086082
pgbench,template_only,1,1.0000000000000002,1.0000000000000024,1.0000000000000002,0.9999999999999999
pgbench,template_only,2,1.0171594447041343,1.0502457072594078,1.0085803540124614,0.9914926421297758
pgbench,template_only,3,1.0301192575100704,1.0802689961130214,1.0150630457147152,0.9851604826140535
pgbench,template_only,4,1.0407271043685649,1.1028568207958227,1.020372003435653,0.9800347291310824
pgbench,template_only,5,1.017786246163513,1.0517805055168543,1.0088938265291292,0.9911845763198627
pgbench,template_only,6,1.0332728237674083,1.0871374911029261,1.0166410188972757,0.9836313717546772
pgbench,template_only,7,1.0000000000000004,1.000000000000004,1.0000000000000002,0.9999999999999999
pgbench,template_only,8,1.0608978033224252,1.1425521540807686,1.030477184390508,0.9704242026391547
pgbench,template_only,9,1.0882796322650066,1.191664961609412,1.0442261515152396,0.9576469604299179
pgbench,template_only,10,1.0350943603633862,1.0910424301452193,1.017552586350123,0.9827501923875182
pgbench,template_only,11,1.0376419074878802,1.096432668797256,1.0188276253857924,0.9815203034186837
pgbench,template_only,12,1.0000000000000004,1.0000000000000044,1.0000000000000002,0.9999999999999998
pgbench,template_only,13,1.029922303035428,1.079835231184456,1.0149645018628681,0.9852561327658236
pgbench,template_only,14,1.0641354088362713,1.1486109890044924,1.0321007488431415,0.9688976595752667
pgbench,template_only,15,1.0994675077492335,1.2105276209829492,1.0498573799679543,0.9525103305274892
pgbench,template_only,16,1.0315127744310135,1.0833216080664798,1.015760300898588,0.9844842322695169
pgbench,template_only,17,1.074979753924957,1.1683843239104705,1.0375427172802858,0.963815738229365
pgbench,template_only,18,1.027451819441652,1.0743432016123968,1.0137284966652764,0.9864574225638945
pgbench,template_only,19,1.002717019961144,1.0103668276294702,1.0013585124877784,0.9986433305645913
pgbench,template_only,20,1.027451819441652,1.0743432016123968,1.0137284966652764,0.9864574225638945
pgbench,template_only,21,1.0,1.0000000000000018,1.0,1.0
pgbench,template_only,22,1.037625469398218,1.0963981432693657,1.0188193976002033,0.9815282299841054
pgbench,template_only,23,1.020179718945914,1.0575510840697355,1.0100908868829683,0.9900099218654395
pgbench,template_only,24,1.0306791646026805,1.0814989461218991,1.0153431934474049,0.9848886627236749
pgbench,template_only,25,1.0000000000000004,1.0000000000000044,1.0000000000000002,0.9999999999999998
pgbench,template_only,26,1.0171594447041343,1.0502457072594078,1.0085803540124614,0.9914926421297758
pgbench,template_only,27,1.0457384196934914,1.1130702696695443,1.022881182988056,0.9776306541086082
pgbench,template_only,28,1.0000000000000002,1.0000000000000053,1.0000000000000002,0.9999999999999999
pgbench,template_only,29,1.0343858720524601,1.0895287960773496,1.0171980212141642,0.9830927500295015
pgbench,template_only,30,1.0171941054109366,1.0503308487877197,1.0085976882016883,0.9914756019151523
pgbench,template_only,31,1.0243841878927258,1.0673822300473246,1.0121939068054318,0.9879529932718951
pgbench,template_only,32,1.0146244233747728,1.0439268617668924,1.0073126027017516,0.992740483259975
pgbench,template_only,33,1.0174399712177677,1.0509338846912075,1.0087206487613027,0.9913547434842228
pgbench,template_only,34,1.0563419764328035,1.1338934532706175,1.0281933803967902,0.972579690810779
pgbench,template_only,35,1.0185292748680388,1.0535868207589405,1.009265432786881,0.9908196273389681
pgbench,template_only,36,1.1179700682684175,1.240467376233815,1.059191697464825,0.9441161617802517
pgbench,template_only,37,1.0285795860827145,1.0768622551903582,1.0142927121834515,0.985908690842623
pgbench,template_only,38,1.0285795860827145,1.0768622551903582,1.0142927121834515,0.985908690842623
pgbench,template_only,39,1.0963507944718163,1.2053342405571568,1.0482877280350456,0.9539365703292567
pgbench,template_only,40,1.0228900882213428,1.0639296762321648,1.0114465436788311,0.9886829968915629
pgbench,template_only,41,1.002717019961144,1.0103668276294702,1.0013585124877784,0.9986433305645913
pgbench,template_only,42,1.020446563567066,1.0581861010650773,1.0102243504982487,0.9898791288358809
pgbench,template_only,43,1.0451208260946774,1.1118255149198857,1.0225719073747999,0.9779263372951955
pgbench,template_only,44,1.020446563567066,1.0581861010650773,1.0102243504982487,0.9898791288358809
pgbench,template_only,45,1.0287352069344482,1.0772082602083524,1.014370570568407,0.9858330170596783
pgbench,template_only,46,1.0000000000000004,1.0000000000000038,1.0000000000000002,0.9999999999999999
pgbench,template_only,47,1.0509349123404188,1.1233995751654278,1.0254839956029522,0.9751492995383431
pgbench,template_only,48,1.037625469398218,1.0963981432693657,1.0188193976002033,0.9815282299841054
pgbench,template_only,49,1.029922303035428,1.079835231184456,1.0149645018628681,0.9852561327658236
pgbench,volume_only,0,1.0092955699187012,1.0299260505016137,1.0046478853646978,0.9953736175306729
pgbench,volume_only,1,1.0078778078152852,1.025986990173085,1.0039389650214914,0.9960764895489369
pgbench,volume_only,2,1.0,1.0000000000000004,1.0,1.0
pgbench,volume_only,3,1.009067408645132,1.0292994118539638,1.0045337975143087,0.995486665032548
pgbench,volume_only,4,1.0034225640651058,1.0126725960478877,1.001711287044048,0.9982916364563507
pgbench,volume_only,5,1.0060076754377343,1.020602487246328,1.0030038648231074,0.9970051313574578
pgbench,volume_only,6,1.0078778078152852,1.025986990173085,1.0039389650214914,0.9960764895489369
pgbench,volume_only,7,1.0092955699187012,1.0299260505016137,1.0046478853646978,0.9953736175306729
pgbench,volume_only,8,1.0078778078152852,1.025986990173085,1.0039389650214914,0.9960764895489369
pgbench,volume_only,9,1.0110736857175422,1.034724580672966,1.0055370126101157,0.9944934770767482
pgbench,volume_only,10,1.0068449757000022,1.0230428632156832,1.0034225279399884,0.9965891458037973
pgbench,volume_only,11,1.0078778078152852,1.025986990173085,1.0039389650214914,0.9960764895489369
pgbench,volume_only,12,1.008546921509046,1.0278597399148728,1.0042735388013089,0.9957446466164889
pgbench,volume_only,13,1.0078778078152852,1.025986990173085,1.0039389650214914,0.9960764895489369
pgbench,volume_only,14,1.008546921509046,1.0278597399148728,1.0042735388013089,0.9957446466164889
pgbench,volume_only,15,1.0078778078152852,1.025986990173085,1.0039389650214914,0.9960764895489369
pgbench,volume_only,16,1.0101364097047298,1.0322132795659262,1.005068335044513,0.9949572234366645
pgbench,volume_only,17,1.0101364097047296,1.0322132795659258,1.005068335044513,0.9949572234366646
pgbench,volume_only,18,1.0101364097047296,1.0322132795659258,1.005068335044513,0.9949572234366646
pgbench,volume_only,19,1.009067408645132,1.0292994118539638,1.0045337975143087,0.995486665032548
pgbench,volume_only,20,1.0092955699187012,1.0299260505016137,1.0046478853646978,0.9953736175306729
pgbench,volume_only,21,1.0068449757000022,1.0230428632156834,1.0034225279399884,0.9965891458037973
pgbench,volume_only,22,1.0092955699187012,1.0299260505016137,1.0046478853646978,0.9953736175306729
pgbench,volume_only,23,1.005116956387453,1.017945333610431,1.0025584949412596,0.9974480342502017
pgbench,volume_only,24,1.0092955699187012,1.0299260505016137,1.0046478853646978,0.9953736175306729
pgbench,volume_only,25,1.0060076754377343,1.020602487246328,1.0030038648231074,0.9970051313574578
pgbench,volume_only,26,1.0068449757000022,1.0230428632156832,1.0034225279399884,0.9965891458037973
pgbench,volume_only,27,1.0010578755074544,1.0045275527079511,1.0005289379017108,0.9994713417256874
pgbench,volume_only,28,1.0010578755074544,1.0045275527079511,1.0005289379017108,0.9994713417256874
pgbench,volume_only,29,1.008546921509046,1.0278597399148728,1.0042735388013089,0.9957446466164889
pgbench,volume_only,30,1.0123612990020727,1.0381149725931114,1.0061808856225345,0.9938570830445559
pgbench,volume_only,31,1.0068449757000022,1.0230428632156832,1.0034225279399884,0.9965891458037973
pgbench,volume_only,32,1.009067408645132,1.0292994118539636,1.0045337975143087,0.995486665032548
pgbench,volume_only,33,1.0065779841003972,1.0222702556902918,1.003289027629537,0.9967217546101268
pgbench,volume_only,34,1.0102199564150176,1.0324387173524168,1.0051101116456014,0.9949158688322864
pgbench,volume_only,35,1.0078778078152852,1.025986990173085,1.0039389650214914,0.9960764895489369
pgbench,volume_only,36,1.0065779841003972,1.0222702556902918,1.003289027629537,0.9967217546101268
pgbench,volume_only,37,1.0101364097047296,1.0322132795659258,1.005068335044513,0.9949572234366646
pgbench,volume_only,38,1.0092955699187012,1.0299260505016137,1.0046478853646978,0.9953736175306729
pgbench,volume_only,39,1.0060076754377343,1.020602487246328,1.0030038648231074,0.9970051313574578
pgbench,volume_only,40,1.0010578755074544,1.0045275527079511,1.0005289379017108,0.9994713417256874
pgbench,volume_only,41,1.0078778078152852,1.025986990173085,1.0039389650214914,0.9960764895489369
pgbench,volume_only,42,1.0078778078152852,1.025986990173085,1.0039389650214914,0.9960764895489369
pgbench,volume_only,43,1.0078778078152852,1.025986990173085,1.0039389650214914,0.9960764895489369
pgbench,volume_only,44,1.0010578755074544,1.0045275527079514,1.0005289379017108,0.9994713417256874
pgbench,volume_only,45,1.0092955699187012,1.0299260505016137,1.0046478853646978,0.9953736175306729
pgbench,volume_only,46,1.008546921509046,1.0278597399148728,1.0042735388013089,0.9957446466164889
pgbench,volume_only,47,1.0101364097047296,1.0322132795659258,1.005068335044513,0.9949572234366646
pgbench,volume_only,48,1.0065779841003972,1.0222702556902918,1.003289027629537,0.9967217546101268
pgbench,volume_only,49,1.0078778078152852,1.025986990173085,1.0039389650214914,0.9960764895489369
pgbench,mixed,0,1.6627911308925427,1.8110435292649936,1.3779601964753434,0.7257103670758269
pgbench,mixed,1,1.9843409694051013,2.0193575488280895,1.7992080257015703,0.5558000996633322
pgbench,mixed,2,1.9258701617145726,1.9818653267437436,1.6618169845487218,0.6017509805819905
pgbench,mixed,3,1.9212558655226142,1.9904744952489386,1.6491506817043737,0.606372729365466
pgbench,mixed,4,1.9948166681778605,2.00119598060187,1.8950049269666496,0.5277031134693188
pgbench,mixed,5,1.9950670938381534,2.015990965735782,1.8627184939468788,0.5368497726573375
pgbench,mixed,6,1.7233484323009696,1.853229857842178,1.4262996012875397,0.7011149684801753
pgbench,mixed,7,1.5401317064202509,1.7655167808869674,1.287525380500039,0.7766837183525096
pgbench,mixed,8,1.7305236619992188,1.8461994860876314,1.4340894518160852,0.6973065722878248
pgbench,mixed,9,1.9635793412215363,1.984951234466525,1.758046293771912,0.5688132352046809
pgbench,mixed,10,1.7267528011629667,1.9362605075225123,1.4110231139167935,0.7087056123582175
pgbench,mixed,11,1.5392839304036012,1.7553002510123743,1.2882865744573904,0.7762248088482853
pgbench,mixed,12,1.844770496538774,2.004385853033909,1.5205327329075755,0.6576642372491328
pgbench,mixed,13,1.951990069830613,1.9786715637071457,1.7271887295673678,0.5789755241458086
pgbench,mixed,14,1.0,1.0,1.0,1.0
pgbench,mixed,15,1.6564437133794068,1.7959318333958294,1.3741752537316914,0.7277092185180994
pgbench,mixed,16,1.790493249734913,1.9685083695871937,1.4697595822734066,0.680383385188217
pgbench,mixed,17,1.9323980708513486,1.9651174608726731,1.6848651737753375,0.5935193008703862
pgbench,mixed,18,2.0198253156301007,2.1081524309471993,1.8088310276385242,0.5528432367204171
pgbench,mixed,19,1.9344817892467618,1.9824059709178787,1.6805577154711144,0.5950405575447124
pgbench,mixed,20,1.9775376179248034,2.083714460182305,1.708461063453002,0.5853220897986879
pgbench,mixed,21,1.7459846808421087,1.8585922762349083,1.4475024634833251,0.6908451109599923
pgbench,mixed,22,1.7535170212025435,1.875021454486278,1.4525511845354675,0.6884438983262435
pgbench,mixed,23,1.9948166681778605,2.00119598060187,1.8950049269666496,0.5277031134693188
pgbench,mixed,24,1.7305236619992188,1.8461994860876314,1.4340894518160852,0.6973065722878248
pgbench,mixed,25,1.5672035069999979,1.7892566747565473,1.3045866043739136,0.766526343783755
pgbench,mixed,26,1.824109151348201,1.9215288491999183,1.522076040127399,0.6569973993653426
pgbench,mixed,27,1.7305236619992188,1.8461994860876314,1.4340894518160852,0.6973065722878248
pgbench,mixed,28,1.973512228237782,2.0141820614856307,1.763655215804959,0.567004248357911
pgbench,mixed,29,1.0,1.0000000000000004,1.0,1.0
pgbench,mixed,30,1.7355923811248823,1.9393781816852738,1.4208163109597354,0.7038207488795778
pgbench,mixed,31,1.0092955699187012,1.0299260505016137,1.0046478853646978,0.9953736175306729
pgbench,mixed,32,1.990300027308018,2.0671854557308813,1.764330333516749,0.5667872852396928
pgbench,mixed,33,1.0035596986892943,1.0131121313283908,1.001779854983003,0.9982233072724015
pgbench,mixed,34,1.896389023137015,2.021645377120687,1.5888542430633847,0.6293843531373611
pgbench,mixed,35,1.5538266526005522,1.7784637307849287,1.2960559924369763,0.7715716032605183
pgbench,mixed,36,1.7190952121587513,1.8982874498612705,1.41337815261002,0.7075247329621916
pgbench,mixed,37,1.9999557638832928,1.9999778814931977,1.990637958029834,0.5023515179976352
pgbench,mixed,38,1.8697928965975832,1.9495783415189891,1.5772478911828975,0.6340157470427964
pgbench,mixed,39,1.5329316671344315,1.7732220750933867,1.2812952729745037,0.7804602273124118
pgbench,mixed,40,1.8773718830733932,1.9579420216466368,1.5850486193311557,0.6308954739962304
pgbench,mixed,41,1.7231443708776457,1.8436779018084695,1.4274788438668886,0.7005357762718963
pgbench,mixed,42,1.8629686075972787,1.9453692129820792,1.5684642768686896,0.6375663218778678
pgbench,mixed,43,1.7986952156021232,1.994007370587267,1.4706590966031243,0.6799672353095045
pgbench,mixed,44,1.9976108272223636,2.0024598364417625,1.9218309503011302,0.520337129466726
pgbench,mixed,45,1.8727093875342145,1.9407513770086957,1.5840876704094127,0.6312781916556087
pgbench,mixed,46,1.8659655247338511,1.9417856853249804,1.57348618477696,0.6355314776035031
pgbench,mixed,47,1.627983031071612,1.777457965048661,1.3530134758356764,0.7390909387523721
pgbench,mixed,48,1.844770496538774,2.004385853033909,1.5205327329075755,0.6576642372491328
pgbench,mixed,49,1.7388315757424544,1.8656807650609584,1.4394253929115042,0.6947216611048628
job,template_only,0,1.2181896334554496,1.391797455434479,1.11022325429879,0.9007197391407494
job,template_only,1,1.049054765791201,1.1265136417121984,1.0244997140433878,0.976086168002239
job,template_only,2,1.1329877753852602,1.2687813666203323,1.0667292631551533,0.937444986783448
job,template_only,3,1.071173887392066,1.1678373102473931,1.0355822087795052,0.9656403823106995
job,template_only,4,1.0513588929601696,1.1323756504953535,1.0256412134626247,0.9749998214521252
job,template_only,5,1.0885886963941,1.1993553839150775,1.0443126688671853,0.9575676230038909
job,template_only,6,1.0302314480847456,1.084776752985557,1.0151026574978783,0.9851220392476316
job,template_only,7,1.131943052955963,1.2750830128703923,1.0660639597077628,0.9380300223957738
job,template_only,8,1.0880527211834257,1.195398355650518,1.0440775513387226,0.9577832592203462
job,template_only,9,1.0238863345066074,1.0693862246990111,1.011935376899455,0.9882053961429584
job,template_only,10,1.1054556422065815,1.2283411740273844,1.0527853503151998,0.9498612416107461
job,template_only,11,1.1953408911565355,1.357413805649605,1.098538168546735,0.9103006419184396
job,template_only,12,1.1253316371854474,1.2563303325540887,1.0628650867965976,0.9408531829885686
job,template_only,13,1.2135345638619062,1.4015165805920713,1.1073317737495514,0.9030717113931322
job,template_only,14,1.0574975082880822,1.143067370088142,1.0287239084415147,0.9720781171645649
job,template_only,15,1.073353025012827,1.1752254156740423,1.036636672139834,0.9646581361392433
job,template_only,16,1.111312744132172,1.2385792870417094,1.0557248357214069,0.9472165152927103
job,template_only,17,1.1221512054446627,1.25600761069757,1.061188098701516,0.9423400066619795
job,template_only,18,1.0245202466748686,1.0696744226287858,1.012256628893855,0.9878917771007848
job,template_only,19,1.0796024238932465,1.1988749497776972,1.0395822403398893,0.9619248590405431
job,template_only,20,1.0333596515057955,1.0931150461986716,1.016658076346664,0.9836148684260452
job,template_only,21,1.0555702982375175,1.1358520773458078,1.0277872072878986,0.9729640463601188
job,template_only,22,1.1010022007087594,1.218498776525884,1.0505766236224385,0.951858224821291
job,template_only,23,1.0165325361856723,1.053176768362678,1.0082549378488581,0.9918126482311407
job,template_only,24,1.066419894576328,1.1726712046871153,1.0330319960762937,0.9680242275149683
job,template_only,25,1.031832701818432,1.0889222721838778,1.0158998274471995,0.9843490204273846
job,template_only,26,1.087358409928957,1.195329124593635,1.0437166880184128,0.9581144111996401
job,template_only,27,1.0692362481420883,1.1632558379975453,1.0346209201312968,0.9665375796510055
job,template_only,28,1.083821411099655,1.1918329091776405,1.0419101121397802,0.959775693074224
job,template_only,29,1.355724898177829,1.5662418890303211,1.1826756944779477,0.845540332543501
job,template_only,30,1.0162828108742552,1.0510604894980637,1.0081351271390169,0.9919305191139371
job,template_only,31,1.031713632370424,1.087818995811248,1.0158447729609903,0.984402367977141
job,template_only,32,1.0602103572778492,1.1461659404709963,1.0301003220102805,0.970779232500832
job,template_only,33,1.2217829775457125,1.389562808072241,1.1122470074608177,0.8990808635960552
job,template_only,34,1.1696793993839851,1.3268457876909523,1.0852959604659151,0.9214076495509135
job,template_only,35,1.0288221546349368,1.0805006646320428,1.0144034785521636,0.9858010359223912
job,template_only,36,1.12723562625775,1.2739665657490504,1.0635614423775843,0.9402371693397485
job,template_only,37,1.2148383191473757,1.3830292805726525,1.108597507300476,0.9020406355008684
job,template_only,38,1.4145668664384599,1.6050662086104281,1.2167614042750818,0.8218538133166516
job,template_only,39,1.0858670801181936,1.195301529558656,1.0429380859726283,0.95882968840611
job,template_only,40,1.0486238674541641,1.124090799764876,1.0242962201130512,0.9762800841827088
job,template_only,41,1.1054017944288184,1.2279859216417965,1.0527620109235465,0.9498822997257846
job,template_only,42,1.0821643593273358,1.1897709073861773,1.0410683900674211,0.9605516885737339
job,template_only,43,1.0901301790793974,1.2054042702595196,1.0450422307848386,0.9568991286112797
job,template_only,44,1.161832220203112,1.3244345473954688,1.08109525462798,0.9249878729179272
job,template_only,45,1.1285068124407531,1.2669754299455807,1.064379821977617,0.9395142404541271
job,template_only,46,1.1544750706193045,1.309964063451522,1.077450289399084,0.928117064739683
job,template_only,47,1.084503072425691,1.1881279701244358,1.0423048492209628,0.9594122110699359
job,template_only,48,1.1434315858259205,1.3164246585719803,1.0712586996769338,0.9334813339687007
job,template_only,49,1.0828452923529193,1.202389532529321,1.0412417572833144,0.9603917562901841
job,volume_only,0,1.1172509800059394,1.2786851030054955,1.0582356707409517,0.9449690911475546
job,volume_only,1,1.07676544144291,1.1946714022067113,1.0382171200798065,0.9631896649162665
job,volume_only,2,1.050828576334631,1.1466749141868866,1.0252580208359894,0.9753642299570657
job,volume_only,3,1.2704454948537762,1.4814978430826258,1.1367283887460764,0.8797176263919112
job,volume_only,4,1.0680967790481435,1.1696012690492974,1.0339653131544548,0.9671504326863418
job,volume_only,5,1.0700275175808749,1.170638849600656,1.0349720010396952,0.9662097129153604
job,volume_only,6,1.6545699071919262,1.9014916434233688,1.354570038097597,0.7382416352604648
job,volume_only,7,1.2486742125912982,1.4390751721451813,1.1258436264508722,0.8882228193203139
job,volume_only,8,1.3552951536180209,1.5839882198461617,1.18163141774291,0.8462875859463412
job,volume_only,9,1.2796970957707714,1.4772142881272503,1.1420697208726291,0.8756032856172065
job,volume_only,10,1.0862420320461201,1.201612172618307,1.0430769375518023,0.9587020515927541
job,volume_only,11,1.1008994269331247,1.2312091534325278,1.0503430811271022,0.952069869329667
job,volume_only,12,1.0944177768902188,1.2280868522893815,1.0470055763786104,0.9551047506917838
job,volume_only,13,1.1732348627895897,1.3349785398811778,1.0870400381143754,0.9199293171709124
job,volume_only,14,1.1571124158720898,1.3147795228916235,1.0788043213282978,0.9269521638259025
job,volume_only,15,1.0708383003461297,1.1711810615243095,1.0353764875790457,0.9658322474931179
job,volume_only,16,1.0673490844891815,1.170871071530499,1.0335722805480863,0.9675182073088461
job,volume_only,17,1.0957448623131707,1.238061984493378,1.0475447658544337,0.9546131416964757
job,volume_only,18,1.1038229141891192,1.2482101091716762,1.0516548506570984,0.9508823159757945
job,volume_only,19,1.0608758966648224,1.157917213871891,1.0303506498878934,0.9705433777411645
job,volume_only,20,1.1250339048486917,1.2849265037808335,1.0622508811858866,0.9413971950614997
job,volume_only,21,1.0965915579664625,1.2337619708467555,1.0480667560078718,0.9541376961607294
job,volume_only,22,1.2266833721770634,1.4387160125356644,1.1133897406073294,0.8981580874407216
job,volume_only,23,1.1343435680969949,1.297823263526049,1.0669423853087285,0.9372577317852471
job,volume_only,24,1.1133915733718405,1.2581558382444122,1.056551720297069,0.9464751992631574
job,volume_only,25,1.0930476081355802,1.2197560668416023,1.0464105160899497,0.9556478883035612
job,volume_only,26,1.075355669167146,1.1905720456241542,1.0375009593218714,0.9638545304609814
job,volume_only,27,1.2000466982805917,1.3956982493955437,1.100189377641478,0.9089344255838407
job,volume_only,28,1.0819958517044286,1.198058815886635,1.0408945559265619,0.9607121050891084
job,volume_only,29,1.0473299504698501,1.139465364018324,1.023520908057688,0.9770196115462624
job,volume_only,30,1.2937875289579528,1.4845631206418508,1.1498789692137157,0.8696567436865094
job,volume_only,31,1.0408842073184774,1.1157071881341696,1.0203771338146654,0.9800298015906277
job,volume_only,32,1.0301537051436591,1.0860978014506177,1.0150597375267096,0.9851636933571968
job,volume_only,33,1.1352978644838543,1.2841622239754589,1.0677353589472922,0.9365616597973545
job,volume_only,34,1.0255652160393565,1.082224548815423,1.0127375241468786,0.9874226797732132
job,volume_only,35,1.1488622621623599,1.3135290707021061,1.0744128321056674,0.9307409313421631
job,volume_only,36,1.0897136572653492,1.2288058391319665,1.044527243760566,0.9573709120307323
job,volume_only,37,1.0566526720139762,1.1521311771567733,1.0282177354324598,0.9725566536541099
job,volume_only,38,1.123247167230831,1.2653661663640572,1.0616169042560617,0.941959379123451
job,volume_only,39,1.2046258387851188,1.3795222518666483,1.1031118256626666,0.9065264071475938
job,volume_only,40,1.0569619602333498,1.1575473411906578,1.0283281993717797,0.972452180744352
job,volume_only,41,1.09420432070631,1.218466257814797,1.04704498566805,0.9550688019024955
job,volume_only,42,1.2346907657764306,1.4259822543194078,1.1184623264256368,0.8940846520917547
job,volume_only,43,1.013806275173517,1.047646266198737,1.006891828891491,0.9931553433112289
job,volume_only,44,1.0630058606457506,1.1637229541205436,1.0313976636567408,0.9695581396360519
job,volume_only,45,1.1292382060677442,1.2980774513229003,1.0641177996428517,0.9397455811148244
job,volume_only,46,1.0469584123126585,1.1249314542534061,1.0234292043476405,0.9771071567548486
job,volume_only,47,1.055689037593208,1.1611868423852068,1.0276377075328917,0.9731055922429674
job,volume_only,48,1.08704509581881,1.206621892374588,1.0434225729542876,0.958384479998987
job,volume_only,49,1.0755966881650967,1.1837759623121709,1.037708040830682,0.9636621869090493
job,mixed,0,1.601055009935708,1.931633976155669,1.3128746906317819,0.7616873164938383
job,mixed,1,1.9474276303714766,2.230825221917688,1.5414165636855603,0.6487538953188478
job,mixed,2,1.4319694581825242,1.6772065374721161,1.2230648546339618,0.8176181305604431
job,mixed,3,1.9622972113375612,2.0573492246593066,1.693662349485113,0.5904364587805875
job,mixed,4,2.093635660808663,2.2203521585625126,1.903658911356495,0.5253041887043869
job,mixed,5,1.8891533957639948,2.1544562808072274,1.521486671741818,0.6572518961702023
job,mixed,6,2.0276981148494935,2.1734421839992466,1.752868849943783,0.5704933372693978
job,mixed,7,1.9094949637651273,2.2716657534617086,1.4924311201184057,0.6700476735707994
job,mixed,8,1.9413060648845057,2.0110869702006795,1.67836046700618,0.595819562995175
job,mixed,9,2.1002824349769322,2.279704974449794,1.7705701590630516,0.5647898191897569
job,mixed,10,1.8712666984770288,2.1537114290932284,1.489990561493433,0.671145191012277
job,mixed,11,1.5660165868495917,1.8527484633882965,1.297081421199209,0.7709616248110747
job,mixed,12,1.9884659231614172,2.185825231486739,1.6399110593241657,0.6097891677199351
job,mixed,13,1.878764377587489,2.1271233505494536,1.5165939856205257,0.6593722574937171
job,mixed,14,2.0315422222968276,2.136555608949468,1.8191088297137226,0.5497197219131592
job,mixed,15,2.038967764698793,2.1437772307341216,1.8369559292340585,0.5443788738127008
job,mixed,16,1.5806261296358608,1.8891449415391253,1.3023383376478275,0.7678496217857755
job,mixed,17,1.8602328263039614,2.0638159851945113,1.5208793739482764,0.6575143414588834
job,mixed,18,2.0634452447455156,2.2020103700032223,1.795132495797665,0.5570619451995665
job,mixed,19,1.8645005908901642,2.096679399463389,1.5081874562090605,0.6630475514718662
job,mixed,20,2.0279940947551256,2.128690520777075,1.825397292760771,0.5478259466943649
job,mixed,21,2.0458025095167227,2.237924843371987,1.704771317693195,0.5865889398896893
job,mixed,22,1.9718673510533187,2.2029071131169307,1.6158907313398079,0.6188537260628105
job,mixed,23,2.237413140211781,2.4116367684164426,1.9955490257141906,0.501115225491445
job,mixed,24,2.0049746016280703,2.1432184596355746,1.7073052032915847,0.5857183578378713
job,mixed,25,1.9008571055467622,2.027198787405234,1.5919342390190927,0.628166651290931
job,mixed,26,1.5511354188274236,1.8433316831433526,1.287197580405051,0.7768815100517229
job,mixed,27,1.9143401816687988,2.0203796638425,1.6208940260172624,0.6169434793076041
job,mixed,28,2.0160688013745744,2.1097080691246837,1.7976502264014105,0.5562817423063605
job,mixed,29,1.8620509027619858,2.1001300055490075,1.504977260221997,0.6644618669204951
job,mixed,30,2.0893936151954815,2.2281768056267626,1.8974116596027577,0.5270337593526542
job,mixed,31,1.9239273215996786,2.172058257453045,1.5531986655968164,0.6438326417282558
job,mixed,32,1.95529951672218,2.0466347348280047,1.6816887504214373,0.5946403576460842
job,mixed,33,2.0320734861717065,2.152091927526375,1.7643152343732353,0.5667921358482433
job,mixed,34,2.1251888886035717,2.3480436605986883,1.7588664158905878,0.5685480096529435
job,mixed,35,1.8322504046940367,1.9846441102718366,1.5145197797071468,0.6602752987441101
job,mixed,36,1.724243842598078,1.9164118747866266,1.4160240829801036,0.7062026783438901
job,mixed,37,2.1781415604505696,2.431639203164547,1.7246784086090259,0.5798182403214012
job,mixed,38,2.225423959845171,2.4511247983414375,1.8648025734141254,0.536249796228657
job,mixed,39,2.021232705021023,2.11091733071615,1.823523320605146,0.5483889285650291
job,mixed,40,1.824503305740351,2.0422851310810057,1.4858508704325255,0.6730150514424801
job,mixed,41,1.9820046274086347,2.149902675114504,1.6603105771559397,0.602296952003383
job,mixed,42,1.8418672813022428,1.9789969900648838,1.5294323385648168,0.6538373583354309
job,mixed,43,1.7797371623271685,1.9700546771384402,1.4592287640378983,0.6852935089031925
job,mixed,44,1.8138749730824428,2.0776927963335083,1.463316823256822,0.683379008637621
job,mixed,45,1.5887025420467982,1.880468592633019,1.3095333678579963,0.76363078982531
job,mixed,46,1.7613182781334094,2.062180784757188,1.4124351143530478,0.7079971248506097
job,mixed,47,2.011300226588349,2.1800637246602075,1.696287729926615,0.5895226277697959
job,mixed,48,2.044606601924047,2.1596961840954805,1.8161566685753356,0.5506132908591191
job,mixed,49,1.9968245587526865,2.1287960919598437,1.7214854429894502,0.580893671841597
