block,block_seed,strategy,window,phase,drift_truth,S_R,S_V,S_T,S_A,S_P,HSM,invoked,n_queries,n_ok,exec_ms_window_sum,wall_ms_window,qps_window,sf
1,7200,dci_gated,1,Reporting,0,0.934427,1.0,0.699634,1.0,0.677692,0.875187,0,20,20,2962.952,3587.816,5.5744,1.0
1,7200,dci_gated,2,Reporting,0,0.900776,1.0,0.694876,1.0,0.717179,0.871746,0,20,20,3182.446,3564.488,5.6109,1.0
1,7200,dci_gated,3,Reporting,0,0.975269,1.0,0.868282,1.0,0.627436,0.911589,1,20,20,3294.338,3793.642,5.272,1.0
1,7200,dci_gated,4,Reporting,0,1.0,1.0,0.869461,1.0,0.587308,0.911988,1,20,20,3624.519,4051.667,4.9362,1.0
1,7200,dci_gated,5,Reporting,0,0.957047,1.0,0.803161,1.0,0.705513,0.905721,0,20,20,3870.476,4370.841,4.5758,1.0
1,7200,dci_gated,6,Reporting,0,0.910499,1.0,0.654714,1.0,0.816154,0.880991,0,20,20,2749.792,3095.774,6.4604,1.0
1,7200,dci_gated,7,JoinHeavy,1,0.371033,1.0,0.0,0.145503,0.774103,0.437974,1,20,20,4733.474,5500.722,3.6359,1.0
1,7200,dci_gated,8,JoinHeavy,0,0.918934,1.0,0.707382,1.0,0.762564,0.885595,0,20,20,4880.869,5411.385,3.6959,1.0
1,7200,dci_gated,9,JoinHeavy,0,0.862537,1.0,0.598498,1.0,0.853974,0.86343,0,20,20,5008.854,5500.13,3.6363,1.0
1,7200,dci_gated,10,JoinHeavy,0,0.887295,1.0,0.64296,1.0,0.678462,0.852185,0,20,20,5348.983,5921.768,3.3774,1.0
1,7200,dci_gated,11,JoinHeavy,0,0.922224,1.0,0.701231,1.0,0.815513,0.893129,0,20,20,4846.269,5441.878,3.6752,1.0
1,7200,dci_gated,12,JoinHeavy,0,0.940591,1.0,0.850404,1.0,0.797179,0.924805,0,20,20,4294.738,4922.95,4.0626,1.0
1,7200,dci_gated,13,Aggregation,1,0.34107,1.0,0.0,0.457589,0.685641,0.479632,1,20,20,2227.07,2936.556,6.8107,1.0
1,7200,dci_gated,14,Aggregation,0,0.906986,1.0,0.658893,1.0,0.795513,0.877852,0,20,20,2713.069,3364.902,5.9437,1.0
1,7200,dci_gated,15,Aggregation,0,0.882674,1.0,0.473999,1.0,0.63359,0.810507,0,20,20,1812.357,2378.732,8.4078,1.0
1,7200,dci_gated,16,Aggregation,0,0.949813,1.0,0.781844,1.0,0.760641,0.907918,0,20,20,1915.174,2590.417,7.7208,1.0
1,7200,dci_gated,17,Aggregation,0,0.92887,1.0,0.805405,1.0,0.654872,0.891529,0,20,20,2346.975,2959.074,6.7589,1.0
1,7200,dci_gated,18,Aggregation,0,0.977529,1.0,0.912276,1.0,0.793077,0.945799,0,20,20,2677.719,3342.38,5.9838,1.0
1,7200,dci_gated,19,MultiJoin,1,0.341931,1.0,0.0,0.411765,0.772308,0.483682,1,20,20,9517.471,10399.822,1.9231,1.0
1,7200,dci_gated,20,MultiJoin,0,0.918934,1.0,0.778086,1.0,0.680513,0.887428,0,20,20,10227.562,10984.975,1.8207,1.0
1,7200,dci_gated,21,MultiJoin,0,0.907219,1.0,0.680153,1.0,0.787179,0.880912,0,20,20,11486.859,12516.106,1.5979,1.0
1,7200,dci_gated,22,MultiJoin,0,0.887295,1.0,0.591105,1.0,0.725385,0.848853,0,20,20,11690.871,12607.037,1.5864,1.0
1,7200,dci_gated,23,MultiJoin,0,1.0,1.0,0.833997,1.0,0.768846,0.932126,0,20,20,11366.238,12468.958,1.604,1.0
1,7200,dci_gated,24,MultiJoin,0,0.882674,1.0,0.690536,1.0,0.755128,0.872045,0,20,20,13550.282,14272.045,1.4013,1.0
2,7300,dci_gated,1,Reporting,0,0.950539,1.0,0.74826,1.0,0.81,0.908787,0,20,20,3502.172,3947.524,5.0665,1.0
2,7300,dci_gated,2,Reporting,0,1.0,1.0,0.924407,1.0,0.806538,0.955862,0,20,20,3789.103,4060.43,4.9256,1.0
2,7300,dci_gated,3,Reporting,0,1.0,1.0,0.92545,1.0,0.780513,0.952167,1,20,20,3904.919,4313.22,4.6369,1.0
2,7300,dci_gated,4,Reporting,0,0.900776,1.0,0.553291,1.0,0.842179,0.862179,0,20,20,2781.449,3259.725,6.1355,1.0
2,7300,dci_gated,5,Reporting,0,0.914157,1.0,0.608095,1.0,0.698333,0.854908,0,20,20,3160.148,3613.172,5.5353,1.0
2,7300,dci_gated,6,Reporting,0,0.934427,1.0,0.731306,1.0,0.808846,0.901195,0,20,20,3995.824,4426.394,4.5184,1.0
2,7300,dci_gated,7,JoinHeavy,1,0.370959,1.0,0.0,0.145503,0.653333,0.41984,1,20,20,4105.895,4804.167,4.1631,1.0
2,7300,dci_gated,8,JoinHeavy,0,0.940591,1.0,0.850404,1.0,0.687179,0.908305,0,20,20,4294.564,4960.945,4.0315,1.0
2,7300,dci_gated,9,JoinHeavy,0,0.874336,1.0,0.561003,1.0,0.612564,0.822669,0,20,20,5358.623,6107.651,3.2746,1.0
2,7300,dci_gated,10,JoinHeavy,0,0.922224,1.0,0.648085,1.0,0.717051,0.867731,0,20,20,4268.773,5103.514,3.9189,1.0
2,7300,dci_gated,11,JoinHeavy,0,0.922224,1.0,0.745338,1.0,0.749231,0.892008,0,20,20,4358.411,5151.229,3.8826,1.0
2,7300,dci_gated,12,JoinHeavy,0,0.955171,1.0,0.800275,1.0,0.720769,0.906963,0,20,20,4709.153,5411.859,3.6956,1.0
2,7300,dci_gated,13,Aggregation,1,0.341931,1.0,0.0,0.457589,0.742564,0.488385,1,20,20,1723.98,2355.849,8.4895,1.0
2,7300,dci_gated,14,Aggregation,0,0.92203,1.0,0.608486,1.0,0.787308,0.870301,0,20,20,3042.901,3597.487,5.5594,1.0
2,7300,dci_gated,15,Aggregation,0,0.949813,1.0,0.855313,1.0,0.772179,0.924343,0,20,20,3175.992,3668.605,5.4517,1.0
2,7300,dci_gated,16,Aggregation,0,0.887295,1.0,0.637981,1.0,0.655641,0.847766,0,20,20,2071.11,2753.894,7.2624,1.0
2,7300,dci_gated,17,Aggregation,0,0.907099,1.0,0.745196,1.0,0.822179,0.899141,0,20,20,2739.001,3251.684,6.1507,1.0
2,7300,dci_gated,18,Aggregation,0,0.92203,1.0,0.875541,1.0,0.890769,0.939231,0,20,20,2410.315,2859.254,6.9948,1.0
2,7300,dci_gated,19,MultiJoin,1,0.341931,1.0,0.0,0.411765,0.818462,0.490605,1,20,20,12642.885,13006.453,1.5377,1.0
2,7300,dci_gated,20,MultiJoin,0,0.977585,1.0,0.900396,1.0,0.590385,0.913033,0,20,20,13346.689,14109.118,1.4175,1.0
2,7300,dci_gated,21,MultiJoin,0,0.932131,1.0,0.596553,1.0,0.655128,0.850613,0,20,20,12992.733,13863.522,1.4426,1.0
2,7300,dci_gated,22,MultiJoin,0,0.932131,1.0,0.847072,1.0,0.670641,0.903043,0,20,20,14177.674,15368.861,1.3013,1.0
2,7300,dci_gated,23,MultiJoin,0,0.896792,1.0,0.67689,1.0,0.732692,0.86948,0,20,20,16887.049,17759.3,1.1262,1.0
2,7300,dci_gated,24,MultiJoin,0,0.862537,1.0,0.409892,1.0,0.78,0.814613,0,20,20,11800.778,12982.411,1.5405,1.0
3,7400,dci_gated,1,Reporting,0,0.950539,1.0,0.731068,1.0,0.642179,0.880175,0,20,20,3056.212,3445.838,5.8041,1.0
3,7400,dci_gated,2,Reporting,0,0.934427,1.0,0.797553,1.0,0.799359,0.913021,0,20,20,3824.269,4220.907,4.7383,1.0
3,7400,dci_gated,3,Reporting,0,0.975269,1.0,0.870366,1.0,0.801538,0.938121,0,20,20,3905.593,4340.967,4.6073,1.0
3,7400,dci_gated,4,Reporting,0,0.914157,1.0,0.59516,1.0,0.82359,0.87111,0,20,20,4230.004,4546.329,4.3992,1.0
3,7400,dci_gated,5,Reporting,0,0.900776,1.0,0.51901,1.0,0.646795,0.826015,1,20,20,3299.374,3732.202,5.3588,1.0
3,7400,dci_gated,6,Reporting,0,0.910499,1.0,0.541383,1.0,0.731538,0.845632,0,20,20,4387.366,4812.766,4.1556,1.0
3,7400,dci_gated,7,JoinHeavy,1,0.370959,1.0,0.0,0.145503,0.777051,0.438398,1,20,20,5119.33,5728.175,3.4915,1.0
3,7400,dci_gated,8,JoinHeavy,0,0.955171,1.0,0.811932,1.0,0.774487,0.917352,0,20,20,5475.704,6126.531,3.2645,1.0
3,7400,dci_gated,9,JoinHeavy,0,0.955171,1.0,0.856877,1.0,0.810513,0.931745,0,20,20,5726.138,6492.838,3.0803,1.0
3,7400,dci_gated,10,JoinHeavy,0,0.940591,1.0,0.812038,1.0,0.775769,0.913921,0,20,20,5399.922,6187.325,3.2324,1.0
3,7400,dci_gated,11,JoinHeavy,0,0.932518,1.0,0.749749,1.0,0.807051,0.904137,0,20,20,5286.994,5810.755,3.4419,1.0
3,7400,dci_gated,12,JoinHeavy,0,1.0,1.0,1.0,1.0,0.711795,0.956769,0,20,20,5305.218,6040.695,3.3109,1.0
3,7400,dci_gated,13,Aggregation,1,0.341931,1.0,0.0,0.457589,0.820385,0.500058,1,20,20,2250.054,2843.574,7.0334,1.0
3,7400,dci_gated,14,Aggregation,0,0.940591,1.0,0.665419,1.0,0.773718,0.884289,0,20,20,2443.167,2948.332,6.7835,1.0
3,7400,dci_gated,15,Aggregation,0,0.918934,1.0,0.746817,1.0,0.837564,0.904731,0,20,20,3349.832,3971.406,5.036,1.0
3,7400,dci_gated,16,Aggregation,0,0.862537,1.0,0.646367,1.0,0.841923,0.871196,0,20,20,2662.067,3247.139,6.1593,1.0
3,7400,dci_gated,17,Aggregation,0,0.918934,1.0,0.826164,1.0,0.767692,0.91012,0,20,20,3588.87,3959.212,5.0515,1.0
3,7400,dci_gated,18,Aggregation,0,0.918934,1.0,0.662933,1.0,0.795513,0.881647,0,20,20,3434.756,4123.853,4.8498,1.0
3,7400,dci_gated,19,MultiJoin,1,0.341931,1.0,0.0,0.411765,0.817051,0.490393,1,20,20,13360.402,14229.81,1.4055,1.0
3,7400,dci_gated,20,MultiJoin,0,0.921898,1.0,0.640294,1.0,0.660897,0.857668,0,20,20,9862.657,10721.779,1.8654,1.0
3,7400,dci_gated,21,MultiJoin,0,0.880234,1.0,0.520302,1.0,0.74859,0.836407,0,20,20,17552.664,18735.722,1.0675,1.0
3,7400,dci_gated,22,MultiJoin,0,0.891943,1.0,0.581138,1.0,0.847051,0.866271,0,20,20,11444.741,12044.468,1.6605,1.0
3,7400,dci_gated,23,MultiJoin,0,0.901745,1.0,0.717403,1.0,0.79859,0.888705,0,20,20,12741.241,13570.867,1.4737,1.0
3,7400,dci_gated,24,MultiJoin,0,0.759603,1.0,0.57516,0.956522,0.777179,0.812814,1,20,20,8051.734,9037.209,2.2131,1.0
4,7500,dci_gated,1,Reporting,0,0.950539,1.0,0.78674,1.0,0.765769,0.909848,0,20,20,3105.424,3376.34,5.9236,1.0
4,7500,dci_gated,2,Reporting,0,0.914157,1.0,0.611244,1.0,0.825385,0.874596,0,20,20,4296.224,4799.692,4.1669,1.0
4,7500,dci_gated,3,Reporting,0,0.950539,1.0,0.846347,1.0,0.790769,0.92552,0,20,20,4149.289,4622.702,4.3265,1.0
4,7500,dci_gated,4,Reporting,0,0.975269,1.0,0.851914,1.0,0.635385,0.909508,1,20,20,5009.083,5443.625,3.674,1.0
4,7500,dci_gated,5,Reporting,0,0.910499,1.0,0.559288,1.0,0.810513,0.861059,0,20,20,3223.726,3680.499,5.434,1.0
4,7500,dci_gated,6,Reporting,0,0.914157,1.0,0.684954,1.0,0.847308,0.892626,0,20,20,4657.66,5059.542,3.9529,1.0
4,7500,dci_gated,7,JoinHeavy,1,0.371371,1.0,0.0,0.145503,0.82859,0.446232,1,20,20,5480.777,6055.61,3.3027,1.0
4,7500,dci_gated,8,JoinHeavy,0,0.889731,1.0,0.487086,1.0,0.814103,0.841965,0,20,20,3643.945,4201.204,4.7605,1.0
4,7500,dci_gated,9,JoinHeavy,0,0.940591,1.0,0.803474,1.0,0.745769,0.907708,0,20,20,4205.558,4955.345,4.036,1.0
4,7500,dci_gated,10,JoinHeavy,0,0.918934,1.0,0.673563,1.0,0.846154,0.891369,0,20,20,5531.134,6335.365,3.1569,1.0
4,7500,dci_gated,11,JoinHeavy,0,0.921898,1.0,0.5966,1.0,0.670513,0.850371,0,20,20,4029.567,4718.623,4.2385,1.0
4,7500,dci_gated,12,JoinHeavy,0,0.898966,1.0,0.501057,1.0,0.632564,0.819837,0,20,20,5009.083,5726.241,3.4927,1.0
4,7500,dci_gated,13,Aggregation,1,0.342359,1.0,0.0,0.457589,0.769103,0.492473,1,20,20,1897.59,2462.55,8.1217,1.0
4,7500,dci_gated,14,Aggregation,0,0.799571,1.0,0.480877,0.518182,0.767308,0.714801,1,20,20,4175.276,4742.786,4.2169,1.0
4,7500,dci_gated,15,Aggregation,0,0.853253,1.0,0.669451,0.518182,0.767179,0.765917,1,20,20,2807.48,3493.318,5.7252,1.0
4,7500,dci_gated,16,Aggregation,0,1.0,1.0,0.797364,1.0,0.69859,0.914261,0,20,20,2414.171,3174.248,6.3007,1.0
4,7500,dci_gated,17,Aggregation,0,0.936549,1.0,0.709378,1.0,0.780385,0.893071,0,20,20,1693.787,2040.602,9.801,1.0
4,7500,dci_gated,18,Aggregation,0,0.922224,1.0,0.658752,1.0,0.814615,0.884499,0,20,20,1890.23,2505.701,7.9818,1.0
4,7500,dci_gated,19,MultiJoin,1,0.342359,1.0,0.0,0.411765,0.807949,0.489135,1,20,20,9440.694,10230.139,1.955,1.0
4,7500,dci_gated,20,MultiJoin,0,0.940591,1.0,0.745415,1.0,0.660513,0.883308,0,20,20,7752.109,8623.245,2.3193,1.0
4,7500,dci_gated,21,MultiJoin,0,0.977585,1.0,0.815233,1.0,0.633846,0.90252,0,20,20,10340.728,11433.329,1.7493,1.0
4,7500,dci_gated,22,MultiJoin,0,0.918934,1.0,0.732507,1.0,0.657179,0.874812,0,20,20,13425.763,14170.733,1.4114,1.0
4,7500,dci_gated,23,MultiJoin,0,0.932518,1.0,0.709105,1.0,0.799103,0.894816,0,20,20,12810.998,13842.347,1.4448,1.0
4,7500,dci_gated,24,MultiJoin,0,0.882674,1.0,0.690536,1.0,0.765641,0.873622,0,20,20,10172.011,10758.682,1.859,1.0
5,7600,dci_gated,1,Reporting,0,0.975269,1.0,0.849869,1.0,0.750641,0.926387,0,20,20,4028.048,4407.244,4.538,1.0
5,7600,dci_gated,2,Reporting,0,0.914157,1.0,0.736974,1.0,0.745513,0.887761,0,20,20,3936.469,4385.818,4.5602,1.0
5,7600,dci_gated,3,Reporting,0,0.900776,1.0,0.695363,1.0,0.820385,0.887324,0,20,20,3471.14,3938.188,5.0785,1.0
5,7600,dci_gated,4,Reporting,0,0.914157,1.0,0.726018,1.0,0.857436,0.902358,0,20,20,4154.996,4573.869,4.3727,1.0
5,7600,dci_gated,5,Reporting,0,0.975269,1.0,0.923318,1.0,0.759103,0.942346,0,20,20,4013.893,4369.083,4.5776,1.0
5,7600,dci_gated,6,Reporting,0,0.975269,1.0,0.849869,1.0,0.894231,0.947926,1,20,20,4022.031,4463.402,4.4809,1.0
5,7600,dci_gated,7,JoinHeavy,1,0.371033,1.0,0.0,0.145503,0.707051,0.427916,1,20,20,4329.794,4999.114,4.0007,1.0
5,7600,dci_gated,8,JoinHeavy,0,0.977585,1.0,0.860558,1.0,0.728974,0.925854,0,20,20,4635.095,5235.072,3.8204,1.0
5,7600,dci_gated,9,JoinHeavy,0,0.910117,1.0,0.774006,1.0,0.725128,0.8911,0,20,20,5082.88,5825.061,3.4334,1.0
5,7600,dci_gated,10,JoinHeavy,0,0.907219,1.0,0.700754,1.0,0.720256,0.874994,0,20,20,5123.324,5688.086,3.5161,1.0
5,7600,dci_gated,11,JoinHeavy,0,0.870125,1.0,0.630024,1.0,0.790513,0.862113,0,20,20,4167.953,5203.85,3.8433,1.0
5,7600,dci_gated,12,JoinHeavy,0,0.862537,1.0,0.646367,1.0,0.70859,0.851196,0,20,20,5334.157,5942.595,3.3655,1.0
5,7600,dci_gated,13,Aggregation,1,0.342359,1.0,0.0,0.457589,0.760641,0.491204,1,20,20,3474.417,4059.171,4.9271,1.0
5,7600,dci_gated,14,Aggregation,0,0.880795,1.0,0.46495,1.0,0.800513,0.833266,0,20,20,2308.767,2887.991,6.9252,1.0
5,7600,dci_gated,15,Aggregation,0,0.918934,1.0,0.704891,1.0,0.758974,0.884558,0,20,20,2152.324,2786.498,7.1775,1.0
5,7600,dci_gated,16,Aggregation,0,0.918934,1.0,0.772789,1.0,0.734103,0.894407,0,20,20,2445.235,2920.796,6.8474,1.0
5,7600,dci_gated,17,Aggregation,0,0.907219,1.0,0.713739,1.0,0.728718,0.87886,0,20,20,2364.004,3044.148,6.57,1.0
5,7600,dci_gated,18,Aggregation,0,0.932518,1.0,0.912485,1.0,0.794872,0.934857,0,20,20,2613.629,3065.918,6.5233,1.0
5,7600,dci_gated,19,MultiJoin,1,0.341931,1.0,0.0,0.411765,0.844231,0.49447,1,20,20,13263.316,13853.303,1.4437,1.0
5,7600,dci_gated,20,MultiJoin,0,1.0,1.0,1.0,1.0,0.79,0.9685,0,20,20,13333.809,14006.127,1.4279,1.0
5,7600,dci_gated,21,MultiJoin,0,0.887295,1.0,0.617728,1.0,0.776667,0.861869,0,20,20,8104.144,8725.105,2.2922,1.0
5,7600,dci_gated,22,MultiJoin,0,0.932518,1.0,0.745196,1.0,0.606795,0.873188,0,20,20,10740.409,11632.568,1.7193,1.0
5,7600,dci_gated,23,MultiJoin,0,0.896792,1.0,0.68815,1.0,0.683846,0.864405,0,20,20,14811.172,16009.835,1.2492,1.0
5,7600,dci_gated,24,MultiJoin,0,0.880795,1.0,0.507355,1.0,0.708718,0.827977,0,20,20,9574.32,10441.324,1.9155,1.0
6,7700,dci_gated,1,Reporting,0,1.0,1.0,0.869461,1.0,0.862564,0.953277,0,20,20,3686.737,4134.206,4.8377,1.0
6,7700,dci_gated,2,Reporting,0,0.925489,1.0,0.798356,1.0,0.59359,0.880082,0,20,20,3820.905,4267.209,4.6869,1.0
6,7700,dci_gated,3,Reporting,0,0.975269,1.0,0.803913,1.0,0.635513,0.899927,0,20,20,4856.579,5283.06,3.7857,1.0
6,7700,dci_gated,4,Reporting,0,0.914157,1.0,0.671737,1.0,0.742051,0.874194,0,20,20,3397.828,3705.539,5.3973,1.0
6,7700,dci_gated,5,Reporting,0,0.900776,1.0,0.768812,1.0,0.732051,0.888764,0,20,20,3966.45,4458.86,4.4855,1.0
6,7700,dci_gated,6,Reporting,0,0.914157,1.0,0.597465,1.0,0.703846,0.853609,0,20,20,4283.768,4563.099,4.383,1.0
6,7700,dci_gated,7,JoinHeavy,1,0.371033,1.0,0.0,0.145503,0.765769,0.436724,1,20,20,4807.458,5607.407,3.5667,1.0
6,7700,dci_gated,8,JoinHeavy,0,0.882674,1.0,0.690536,1.0,0.717308,0.866372,0,20,20,5271.915,5975.712,3.3469,1.0
6,7700,dci_gated,9,JoinHeavy,0,0.968235,1.0,0.882623,1.0,0.85359,0.946622,0,20,20,4904.543,6127.366,3.264,1.0
6,7700,dci_gated,10,JoinHeavy,0,0.961088,1.0,0.781729,1.0,0.632436,0.891483,0,20,20,5460.408,6549.527,3.0537,1.0
6,7700,dci_gated,11,JoinHeavy,0,0.940591,1.0,0.649829,1.0,0.775385,0.881421,0,20,20,4662.702,5291.27,3.7798,1.0
6,7700,dci_gated,12,JoinHeavy,0,0.922224,1.0,0.59199,1.0,0.77859,0.865742,0,20,20,5421.83,6342.71,3.1532,1.0
6,7700,dci_gated,13,Aggregation,1,0.341931,1.0,0.0,0.457589,0.724231,0.485635,1,20,20,2922.366,3456.582,5.7861,1.0
6,7700,dci_gated,14,Aggregation,0,0.912884,1.0,0.486078,1.0,0.765128,0.840206,0,20,20,3470.974,3862.895,5.1775,1.0
6,7700,dci_gated,15,Aggregation,0,0.868153,1.0,0.568582,1.0,0.782051,0.848062,0,20,20,2653.024,3132.47,6.3847,1.0
6,7700,dci_gated,16,Aggregation,0,0.92887,1.0,0.736229,1.0,0.744231,0.891098,0,20,20,3810.738,4296.427,4.655,1.0
6,7700,dci_gated,17,Aggregation,0,1.0,1.0,0.920256,1.0,0.630641,0.928647,0,20,20,3564.622,3982.9,5.0215,1.0
6,7700,dci_gated,18,Aggregation,0,0.922224,1.0,0.818273,1.0,0.850769,0.921826,0,20,20,2789.568,3230.469,6.1911,1.0
6,7700,dci_gated,19,MultiJoin,1,0.341931,1.0,0.0,0.411765,0.800513,0.487913,1,20,20,10976.658,11985.407,1.6687,1.0
6,7700,dci_gated,20,MultiJoin,0,0.882674,1.0,0.625094,1.0,0.829103,0.870053,0,20,20,11752.621,12611.87,1.5858,1.0
6,7700,dci_gated,21,MultiJoin,0,0.925365,1.0,0.776211,1.0,0.540128,0.867603,0,20,20,12412.301,13242.476,1.5103,1.0
6,7700,dci_gated,22,MultiJoin,0,0.872135,1.0,0.751081,1.0,0.801923,0.888539,0,20,20,9760.252,10665.986,1.8751,1.0
6,7700,dci_gated,23,MultiJoin,0,0.868144,1.0,0.614966,1.0,0.798462,0.859798,0,20,20,14574.432,15262.77,1.3104,1.0
6,7700,dci_gated,24,MultiJoin,0,0.901745,1.0,0.717403,1.0,0.775769,0.885282,0,20,20,12529.705,12984.219,1.5403,1.0
7,7800,dci_gated,1,Reporting,0,0.914157,1.0,0.798033,1.0,0.767179,0.903223,0,20,20,4445.493,4976.501,4.0189,1.0
7,7800,dci_gated,2,Reporting,0,0.950539,1.0,0.872973,1.0,0.807179,0.933306,0,20,20,5116.877,5574.676,3.5877,1.0
7,7800,dci_gated,3,Reporting,0,0.914157,1.0,0.673383,1.0,0.669231,0.863601,0,20,20,3406.62,3802.224,5.2601,1.0
7,7800,dci_gated,4,Reporting,0,0.914157,1.0,0.591543,1.0,0.695256,0.851136,0,20,20,3521.276,4099.192,4.879,1.0
7,7800,dci_gated,5,Reporting,0,0.914157,1.0,0.620124,1.0,0.844231,0.879199,0,20,20,4853.658,5181.92,3.8596,1.0
7,7800,dci_gated,6,Reporting,0,0.910499,1.0,0.668107,1.0,0.794231,0.880381,0,20,20,3085.92,3454.621,5.7893,1.0
7,7800,dci_gated,7,JoinHeavy,1,0.370959,1.0,0.0,0.145503,0.785641,0.439687,1,20,20,5853.761,6225.489,3.2126,1.0
7,7800,dci_gated,8,JoinHeavy,0,0.918934,1.0,0.616202,1.0,0.772179,0.868801,0,20,20,5057.312,5690.289,3.5148,1.0
7,7800,dci_gated,9,JoinHeavy,0,0.918934,1.0,0.639737,1.0,0.782308,0.875027,0,20,20,5459.406,6136.934,3.259,1.0
7,7800,dci_gated,10,JoinHeavy,0,0.940591,1.0,0.850057,1.0,0.791667,0.923909,0,20,20,4898.384,5402.625,3.7019,1.0
7,7800,dci_gated,11,JoinHeavy,0,0.932518,1.0,0.847199,1.0,0.702179,0.907896,0,20,20,4506.412,4916.71,4.0678,1.0
7,7800,dci_gated,12,JoinHeavy,0,0.961088,1.0,0.780067,1.0,0.741923,0.907574,0,20,20,5334.197,5843.855,3.4224,1.0
7,7800,dci_gated,13,Aggregation,1,0.341931,1.0,0.0,0.457589,0.725897,0.485885,1,20,20,1568.03,2045.502,9.7776,1.0
7,7800,dci_gated,14,Aggregation,0,0.907219,1.0,0.593928,1.0,0.638333,0.84134,0,20,20,2201.625,2683.842,7.452,1.0
7,7800,dci_gated,15,Aggregation,0,0.896792,1.0,0.526598,1.0,0.789487,0.847941,0,20,20,2080.526,2743.89,7.2889,1.0
7,7800,dci_gated,16,Aggregation,0,0.910117,1.0,0.567306,1.0,0.655641,0.839337,0,20,20,2978.752,3515.124,5.6897,1.0
7,7800,dci_gated,17,Aggregation,0,0.857158,1.0,0.513554,1.0,0.684359,0.819654,0,20,20,3121.115,3723.637,5.3711,1.0
7,7800,dci_gated,18,Aggregation,0,0.955171,1.0,0.914093,1.0,0.829103,0.945977,0,20,20,2966.93,3729.475,5.3627,1.0
7,7800,dci_gated,19,MultiJoin,1,0.342359,1.0,0.0,0.411765,0.802564,0.488327,1,20,20,12590.743,13361.677,1.4968,1.0
7,7800,dci_gated,20,MultiJoin,0,0.918934,1.0,0.704893,1.0,0.761923,0.885001,0,20,20,11182.183,11876.398,1.684,1.0
7,7800,dci_gated,21,MultiJoin,0,0.882674,1.0,0.802159,1.0,0.817179,0.903677,0,20,20,12610.05,13394.041,1.4932,1.0
7,7800,dci_gated,22,MultiJoin,0,0.891943,1.0,0.536578,1.0,0.635513,0.825628,0,20,20,8025.347,8699.808,2.2989,1.0
7,7800,dci_gated,23,MultiJoin,0,0.949813,1.0,0.671399,1.0,0.682564,0.874118,0,20,20,10789.638,11702.809,1.709,1.0
7,7800,dci_gated,24,MultiJoin,0,0.940335,1.0,0.777327,1.0,0.842051,0.916857,0,20,20,8781.671,9670.382,2.0682,1.0
8,7900,dci_gated,1,Reporting,0,0.914157,1.0,0.513649,1.0,0.797564,0.850904,0,20,20,2532.396,3040.324,6.5782,1.0
8,7900,dci_gated,2,Reporting,0,0.910499,1.0,0.565218,1.0,0.805513,0.861495,0,20,20,3898.57,4390.669,4.5551,1.0
8,7900,dci_gated,3,Reporting,0,0.910499,1.0,0.596829,1.0,0.880897,0.879125,1,20,20,5463.343,5845.302,3.4216,1.0
8,7900,dci_gated,4,Reporting,0,1.0,1.0,0.884324,1.0,0.718333,0.934615,0,20,20,4589.086,5104.775,3.9179,1.0
8,7900,dci_gated,5,Reporting,0,0.950539,1.0,0.731437,1.0,0.836923,0.909461,0,20,20,4814.721,5221.169,3.8306,1.0
8,7900,dci_gated,6,Reporting,0,0.934427,1.0,0.866359,1.0,0.850897,0.934513,0,20,20,4139.476,4559.983,4.386,1.0
8,7900,dci_gated,7,JoinHeavy,1,0.394203,1.0,0.0,0.131429,0.845641,0.451683,1,20,20,5547.501,6532.73,3.0615,1.0
8,7900,dci_gated,8,JoinHeavy,0,0.811699,1.0,0.634016,0.928571,0.730385,0.825,1,20,20,4558.273,5572.235,3.5892,1.0
8,7900,dci_gated,9,JoinHeavy,0,0.880795,1.0,0.489242,1.0,0.760513,0.832124,0,20,20,6226.418,6968.408,2.8701,1.0
8,7900,dci_gated,10,JoinHeavy,0,0.870291,1.0,0.398795,1.0,0.800513,0.817409,0,20,20,3563.618,4248.363,4.7077,1.0
8,7900,dci_gated,11,JoinHeavy,0,0.872135,1.0,0.507812,1.0,0.805385,0.840404,0,20,20,5558.147,6120.69,3.2676,1.0
8,7900,dci_gated,12,JoinHeavy,0,0.874336,1.0,0.49105,1.0,0.780769,0.833909,0,20,20,4284.261,5008.819,3.993,1.0
8,7900,dci_gated,13,Aggregation,1,0.341931,1.0,0.0,0.457589,0.785769,0.494866,1,20,20,2200.282,2851.043,7.015,1.0
8,7900,dci_gated,14,Aggregation,0,0.89142,1.0,0.525186,1.0,0.782436,0.845258,0,20,20,5130.044,5781.905,3.4591,1.0
8,7900,dci_gated,15,Aggregation,0,0.893682,1.0,0.531818,1.0,0.790641,0.84838,0,20,20,3012.79,3646.763,5.4843,1.0
8,7900,dci_gated,16,Aggregation,0,0.949687,1.0,0.780304,1.0,0.752308,0.906329,0,20,20,2739.113,3274.925,6.107,1.0
8,7900,dci_gated,17,Aggregation,0,0.977585,1.0,0.883017,1.0,0.670256,0.921538,0,20,20,2758.672,3351.777,5.967,1.0
8,7900,dci_gated,18,Aggregation,0,0.862537,1.0,0.365511,1.0,0.820385,0.811794,0,20,20,2220.328,2938.091,6.8071,1.0
8,7900,dci_gated,19,MultiJoin,1,0.341931,1.0,0.0,0.411765,0.788846,0.486163,1,20,20,10854.221,11879.798,1.6835,1.0
8,7900,dci_gated,20,MultiJoin,0,0.936549,1.0,0.809387,1.0,0.690513,0.899592,0,20,20,11851.854,12258.385,1.6315,1.0
8,7900,dci_gated,21,MultiJoin,0,0.949813,1.0,0.752184,1.0,0.803846,0.908467,0,20,20,8166.625,9287.511,2.1534,1.0
8,7900,dci_gated,22,MultiJoin,0,0.949813,1.0,0.61935,1.0,0.735385,0.871631,0,20,20,10284.132,11471.753,1.7434,1.0
8,7900,dci_gated,23,MultiJoin,0,0.922224,1.0,0.565302,1.0,0.698846,0.848443,0,20,20,14175.291,15319.385,1.3055,1.0
8,7900,dci_gated,24,MultiJoin,0,0.912884,1.0,0.660394,1.0,0.837949,0.885992,0,20,20,8657.158,9723.667,2.0568,1.0
9,8000,dci_gated,1,Reporting,0,0.950539,1.0,0.714518,1.0,0.901923,0.915827,0,20,20,4965.031,5377.975,3.7189,1.0
9,8000,dci_gated,2,Reporting,0,0.934427,1.0,0.742415,1.0,0.762308,0.896436,0,20,20,4510.07,4898.166,4.0832,1.0
9,8000,dci_gated,3,Reporting,0,0.925489,1.0,0.697044,1.0,0.784872,0.888512,0,20,20,3316.801,3820.756,5.2346,1.0
9,8000,dci_gated,4,Reporting,0,1.0,1.0,0.869461,1.0,0.870513,0.954469,1,20,20,3691.796,4068.78,4.9155,1.0
9,8000,dci_gated,5,Reporting,0,0.910499,1.0,0.678998,1.0,0.713974,0.87052,0,20,20,5584.168,6079.492,3.2897,1.0
9,8000,dci_gated,6,Reporting,0,1.0,1.0,0.810454,1.0,0.793718,0.931149,1,20,20,4983.363,5436.08,3.6791,1.0
9,8000,dci_gated,7,JoinHeavy,1,0.371371,1.0,0.0,0.145503,0.707179,0.42802,1,20,20,5500.586,6040.91,3.3108,1.0
9,8000,dci_gated,8,JoinHeavy,0,0.955171,1.0,0.730612,1.0,0.797179,0.904492,0,20,20,4326.504,5016.057,3.9872,1.0
9,8000,dci_gated,9,JoinHeavy,0,0.880795,1.0,0.509486,1.0,0.745256,0.833884,0,20,20,5686.287,6576.153,3.0413,1.0
9,8000,dci_gated,10,JoinHeavy,0,0.922224,1.0,0.714518,1.0,0.762308,0.887806,0,20,20,5068.506,5669.07,3.5279,1.0
9,8000,dci_gated,11,JoinHeavy,0,0.922224,1.0,0.795316,1.0,0.808462,0.910888,0,20,20,5726.904,6463.928,3.0941,1.0
9,8000,dci_gated,12,JoinHeavy,0,0.922224,1.0,0.650541,1.0,0.713974,0.86776,0,20,20,5046.675,5578.509,3.5852,1.0
9,8000,dci_gated,13,Aggregation,1,0.341931,1.0,0.0,0.457589,0.646538,0.473981,1,20,20,2703.321,3442.879,5.8091,1.0
9,8000,dci_gated,14,Aggregation,0,0.864263,1.0,0.821123,1.0,0.68359,0.882829,0,20,20,2828.061,3438.175,5.817,1.0
9,8000,dci_gated,15,Aggregation,0,0.940591,1.0,0.694481,1.0,0.690385,0.877601,0,20,20,2084.842,2586.772,7.7316,1.0
9,8000,dci_gated,16,Aggregation,0,0.874336,1.0,0.407147,1.0,0.780641,0.81711,0,20,20,3333.796,3871.998,5.1653,1.0
9,8000,dci_gated,17,Aggregation,0,0.912474,1.0,0.61346,1.0,0.691923,0.854599,0,20,20,2774.681,3359.521,5.9532,1.0
9,8000,dci_gated,18,Aggregation,0,0.961015,1.0,0.915486,1.0,0.808846,0.944678,0,20,20,2825.026,3447.009,5.8021,1.0
9,8000,dci_gated,19,MultiJoin,1,0.341503,1.0,0.0,0.411765,0.760641,0.481825,1,20,20,7817.532,8929.132,2.2399,1.0
9,8000,dci_gated,20,MultiJoin,0,0.847129,1.0,0.753248,0.956522,0.68,0.855736,1,20,20,7809.912,9020.685,2.2171,1.0
9,8000,dci_gated,21,MultiJoin,0,0.853253,1.0,0.78479,0.956522,0.793974,0.880672,1,20,20,9365.595,10193.692,1.962,1.0
9,8000,dci_gated,22,MultiJoin,0,0.949813,1.0,0.777968,1.0,0.753846,0.906124,0,20,20,11797.733,12465.243,1.6045,1.0
9,8000,dci_gated,23,MultiJoin,0,0.977529,1.0,0.857102,1.0,0.865769,0.945668,0,20,20,11533.507,12491.674,1.6011,1.0
9,8000,dci_gated,24,MultiJoin,0,1.0,1.0,0.883428,1.0,0.615769,0.919051,0,20,20,10463.739,11264.189,1.7755,1.0
10,8100,dci_gated,1,Reporting,0,0.910499,1.0,0.522606,1.0,0.767308,0.847242,0,20,20,4464.085,4938.741,4.0496,1.0
10,8100,dci_gated,2,Reporting,0,0.975269,1.0,0.814882,1.0,0.724231,0.915428,0,20,20,4152.504,4660.962,4.291,1.0
10,8100,dci_gated,3,Reporting,0,0.934427,1.0,0.775227,1.0,0.814103,0.910768,0,20,20,5227.384,5625.867,3.555,1.0
10,8100,dci_gated,4,Reporting,0,0.934427,1.0,0.775227,1.0,0.747051,0.90071,0,20,20,4123.445,4675.765,4.2774,1.0
10,8100,dci_gated,5,Reporting,0,0.975269,1.0,0.925348,1.0,0.797308,0.948483,1,20,20,4424.745,4842.314,4.1303,1.0
10,8100,dci_gated,6,Reporting,0,0.925489,1.0,0.592485,1.0,0.735385,0.860177,0,20,20,2676.249,3103.264,6.4448,1.0
10,8100,dci_gated,7,JoinHeavy,1,0.37062,1.0,0.0,0.145503,0.75641,0.435217,1,20,20,5103.732,5883.848,3.3991,1.0
10,8100,dci_gated,8,JoinHeavy,0,0.961088,1.0,0.812806,1.0,0.817564,0.925468,0,20,20,5197.087,6008.127,3.3288,1.0
10,8100,dci_gated,9,JoinHeavy,0,0.864263,1.0,0.595377,1.0,0.737179,0.845718,0,20,20,4377.671,5187.515,3.8554,1.0
10,8100,dci_gated,10,JoinHeavy,0,0.870291,1.0,0.684621,1.0,0.824231,0.878132,0,20,20,4869.308,5774.126,3.4637,1.0
10,8100,dci_gated,11,JoinHeavy,0,0.968274,1.0,0.914733,1.0,0.697308,0.929611,0,20,20,4839.108,5626.051,3.5549,1.0
10,8100,dci_gated,12,JoinHeavy,0,0.944682,1.0,0.672428,1.0,0.684359,0.87331,0,20,20,4107.504,5090.464,3.9289,1.0
10,8100,dci_gated,13,Aggregation,1,0.340195,1.0,0.0,0.457589,0.648718,0.473874,1,20,20,2087.316,2581.073,7.7487,1.0
10,8100,dci_gated,14,Aggregation,0,0.977529,1.0,0.799955,1.0,0.822179,0.9277,0,20,20,2736.813,3274.078,6.1086,1.0
10,8100,dci_gated,15,Aggregation,0,0.949687,1.0,0.911431,1.0,0.719359,0.927612,0,20,20,2841.824,3365.077,5.9434,1.0
10,8100,dci_gated,16,Aggregation,0,0.977585,1.0,0.878461,1.0,0.882692,0.952492,0,20,20,2438.203,2966.474,6.742,1.0
10,8100,dci_gated,17,Aggregation,0,0.896792,1.0,0.563742,1.0,0.780769,0.854062,0,20,20,3080.641,3566.071,5.6084,1.0
10,8100,dci_gated,18,Aggregation,0,0.78624,1.0,0.668913,0.518182,0.586667,0.721979,1,20,20,2581.384,3248.956,6.1558,1.0
10,8100,dci_gated,19,MultiJoin,1,0.371371,1.0,0.0,0.259524,0.750256,0.457286,1,20,20,14336.655,15183.66,1.3172,1.0
10,8100,dci_gated,20,MultiJoin,0,0.880795,1.0,0.594258,1.0,0.748846,0.851377,0,20,20,12943.51,13685.988,1.4613,1.0
10,8100,dci_gated,21,MultiJoin,0,0.955171,1.0,0.915616,1.0,0.712051,0.928724,0,20,20,13026.216,13865.096,1.4425,1.0
10,8100,dci_gated,22,MultiJoin,0,0.955171,1.0,0.888002,1.0,0.832436,0.941258,0,20,20,12066.012,12876.115,1.5533,1.0
10,8100,dci_gated,23,MultiJoin,0,0.880795,1.0,0.464559,1.0,0.780897,0.830245,0,20,20,8855.618,9725.167,2.0565,1.0
10,8100,dci_gated,24,MultiJoin,0,0.922224,1.0,0.658425,1.0,0.697308,0.866837,0,20,20,13469.724,14267.848,1.4018,1.0
