block,block_seed,strategy,window,phase,drift_truth,S_R,S_V,S_T,S_A,S_P,HSM,invoked,gate_dci,gate_regime,n_queries,n_ok,exec_ms_window_sum,wall_ms_window,qps_window,sf
1,7200,dci_gated,1,MixBase,0,0.882086,1.0,0.724001,1.0,0.869615,0.895764,0,,5-D,20,20,5351.421,6140.976,3.2568,1.0
1,7200,dci_gated,2,MixBase,0,0.8176,1.0,0.556544,1.0,0.803718,0.836266,0,,5-D,20,20,3325.884,3801.176,5.2615,1.0
1,7200,dci_gated,3,MixBase,0,0.834022,1.0,0.514298,1.0,0.698846,0.816192,0,1.8488,5-D,20,20,6700.305,7322.179,2.7314,1.0
1,7200,dci_gated,4,MixBase,0,0.924065,1.0,0.763089,1.0,0.61359,0.875672,0,2.2265,5-D,20,20,5128.613,5646.732,3.5419,1.0
1,7200,dci_gated,5,MixShift1,1,0.650837,1.0,0.524104,0.440092,0.680256,0.657587,1,1.5284,5-D,20,20,6783.443,7385.552,2.708,1.0
1,7200,dci_gated,6,MixShift1,0,0.926897,1.0,0.729697,1.0,0.705769,0.883529,0,1.5536,5-D,20,20,4926.587,5353.825,3.7356,1.0
1,7200,dci_gated,7,MixShift1,0,0.8176,1.0,0.579496,1.0,0.702308,0.825645,0,1.6291,5-D,20,20,4885.572,5469.242,3.6568,1.0
1,7200,dci_gated,8,MixShift1,0,0.913002,1.0,0.759256,1.0,0.740641,0.891198,0,1.6527,5-D,20,20,5468.561,5874.525,3.4045,1.0
1,7200,dci_gated,9,MixSurge1,1,0.930096,0.625,0.793659,1.0,0.76859,0.831544,1,2.3598,5-D,32,32,8153.925,8716.667,3.6711,1.0
1,7200,dci_gated,10,MixSurge1,0,0.857874,1.0,0.599382,1.0,0.71722,0.841928,0,2.3939,5-D,32,32,11437.84,12122.803,2.6397,1.0
1,7200,dci_gated,11,MixSurge1,0,0.887907,1.0,0.621012,1.0,0.753279,0.859171,0,2.4055,5-D,32,32,9693.556,10554.196,3.032,1.0
1,7200,dci_gated,12,MixSurge1,0,0.89838,1.0,0.801942,1.0,0.770985,0.900631,0,2.4433,5-D,32,32,10380.866,11416.055,2.8031,1.0
1,7200,dci_gated,13,MixShift2,1,0.650594,1.0,0.42076,0.821429,0.608988,0.702434,1,2.3496,5-D,32,32,11207.784,12109.482,2.6426,1.0
1,7200,dci_gated,14,MixShift2,0,0.843454,1.0,0.72626,0.981481,0.695169,0.856687,0,2.3855,5-D,32,32,18382.373,19419.59,1.6478,1.0
1,7200,dci_gated,15,MixShift2,0,0.878564,1.0,0.655338,1.0,0.778327,0.867458,0,2.388,5-D,32,32,8459.195,9209.153,3.4748,1.0
1,7200,dci_gated,16,MixShift2,0,0.886119,1.0,0.686988,1.0,0.740297,0.869972,0,2.383,5-D,32,32,15859.994,16792.556,1.9056,1.0
1,7200,dci_gated,17,MixCalm,1,0.890157,0.625,0.746237,1.0,0.760385,0.810844,1,2.6146,5-D,20,20,11357.265,11962.149,1.6719,1.0
1,7200,dci_gated,18,MixCalm,0,0.910463,1.0,0.68631,1.0,0.835513,0.890205,0,2.6293,5-D,20,20,12549.2,13262.732,1.508,1.0
1,7200,dci_gated,19,MixCalm,0,0.870761,1.0,0.613725,1.0,0.756667,0.853935,0,2.6431,5-D,20,20,9753.228,10130.522,1.9742,1.0
1,7200,dci_gated,20,MixCalm,0,0.83051,1.0,0.570218,1.0,0.825385,0.845479,0,2.7096,5-D,20,20,12862.999,13288.755,1.505,1.0
1,7200,dci_gated,21,MixShift3,1,0.661938,1.0,0.332246,0.854497,0.803846,0.72341,1,2.6451,5-D,20,20,13990.761,14451.274,1.384,1.0
1,7200,dci_gated,22,MixShift3,0,0.876381,1.0,0.676975,0.942308,0.745256,0.85474,0,2.6463,5-D,20,20,18188.506,18789.932,1.0644,1.0
1,7200,dci_gated,23,MixShift3,0,0.83008,1.0,0.411223,1.0,0.768462,0.805034,0,2.7166,5-D,20,20,4804.669,5567.912,3.592,1.0
1,7200,dci_gated,24,MixShift3,0,0.831258,1.0,0.478492,1.0,0.788846,0.82184,0,2.7484,5-D,20,20,14975.69,15675.76,1.2759,1.0
2,7300,dci_gated,1,MixBase,0,0.882346,1.0,0.57494,1.0,0.728846,0.844901,0,,5-D,20,20,5903.482,6457.727,3.0971,1.0
2,7300,dci_gated,2,MixBase,0,0.930096,1.0,0.840968,1.0,0.680385,0.902775,0,,5-D,20,20,5446.698,5788.898,3.4549,1.0
2,7300,dci_gated,3,MixBase,0,0.835234,1.0,0.50377,1.0,0.694103,0.813678,0,1.4163,5-D,20,20,4590.909,5086.396,3.9321,1.0
2,7300,dci_gated,4,MixBase,0,0.84535,1.0,0.541197,1.0,0.787308,0.837673,0,1.4074,5-D,20,20,3751.734,4345.908,4.602,1.0
2,7300,dci_gated,5,MixShift1,1,0.548841,1.0,0.259148,0.440092,0.792179,0.595885,1,1.2323,5-D,20,20,3621.229,4200.987,4.7608,1.0
2,7300,dci_gated,6,MixShift1,0,0.767036,1.0,0.377579,0.729167,0.815769,0.735474,1,1.2083,5-D,20,20,6752.648,7291.584,2.7429,1.0
2,7300,dci_gated,7,MixShift1,0,0.731145,1.0,0.435188,0.729167,0.657179,0.714234,1,1.2126,5-D,20,20,4662.952,5193.264,3.8511,1.0
2,7300,dci_gated,8,MixShift1,0,0.876035,1.0,0.680038,1.0,0.87859,0.886805,0,1.2599,5-D,20,20,3804.664,4320.225,4.6294,1.0
2,7300,dci_gated,9,MixSurge1,1,0.89838,0.625,0.601706,1.0,0.832436,0.794802,1,1.6541,5-D,32,32,8777.604,9843.339,3.2509,1.0
2,7300,dci_gated,10,MixSurge1,0,0.930096,1.0,0.846388,1.0,0.765857,0.91668,0,1.66,5-D,32,32,8939.587,9772.692,3.2744,1.0
2,7300,dci_gated,11,MixSurge1,0,0.864139,1.0,0.699871,1.0,0.840729,0.882118,0,1.6858,5-D,32,32,7032.569,8051.62,3.9744,1.0
2,7300,dci_gated,12,MixSurge1,0,0.864139,1.0,0.705195,1.0,0.750202,0.869604,0,1.686,5-D,32,32,8666.67,9553.291,3.3496,1.0
2,7300,dci_gated,13,MixShift2,1,0.602539,1.0,0.393194,0.807882,0.691309,0.694546,1,1.6422,5-D,32,32,12679.729,13672.158,2.3405,1.0
2,7300,dci_gated,14,MixShift2,0,0.963547,1.0,0.836225,1.0,0.814332,0.930282,0,1.6458,5-D,32,32,12100.299,12885.387,2.4834,1.0
2,7300,dci_gated,15,MixShift2,0,0.913002,1.0,0.702786,1.0,0.723536,0.877338,0,1.6438,5-D,32,32,10972.124,11556.765,2.7689,1.0
2,7300,dci_gated,16,MixShift2,0,0.923898,1.0,0.706301,1.0,0.827314,0.896332,0,1.6545,5-D,32,32,12114.718,12988.206,2.4638,1.0
2,7300,dci_gated,17,MixCalm,1,0.845892,0.625,0.728762,0.981481,0.835769,0.803887,1,1.9252,5-D,20,20,5856.017,6605.563,3.0278,1.0
2,7300,dci_gated,18,MixCalm,0,0.810427,1.0,0.682317,0.981481,0.728846,0.844693,0,1.9371,5-D,20,20,10312.397,10832.119,1.8464,1.0
2,7300,dci_gated,19,MixCalm,0,0.854059,1.0,0.58446,1.0,0.732308,0.840253,0,1.952,5-D,20,20,10369.886,11059.691,1.8084,1.0
2,7300,dci_gated,20,MixCalm,0,0.89028,1.0,0.683016,1.0,0.779231,0.876058,0,1.9528,5-D,20,20,7363.45,7990.45,2.503,1.0
2,7300,dci_gated,21,MixShift3,1,0.561272,1.0,0.256409,0.811905,0.775897,0.670365,1,1.8292,5-D,20,20,6062.973,6626.189,3.0183,1.0
2,7300,dci_gated,22,MixShift3,0,0.849829,1.0,0.689487,0.839744,0.744103,0.829919,0,1.8493,5-D,20,20,6065.61,6749.287,2.9633,1.0
2,7300,dci_gated,23,MixShift3,0,0.940591,1.0,0.753316,1.0,0.793462,0.90483,0,1.8445,5-D,20,20,9428.6,9970.289,2.006,1.0
2,7300,dci_gated,24,MixShift3,0,0.731603,1.0,0.499399,0.839744,0.750385,0.763287,0,1.8114,5-D,20,20,8761.66,9417.578,2.1237,1.0
3,7400,dci_gated,1,MixBase,0,0.859176,1.0,0.639001,1.0,0.628718,0.836902,0,,5-D,20,20,4443.774,4941.849,4.0471,1.0
3,7400,dci_gated,2,MixBase,0,0.897713,1.0,0.662409,1.0,0.819487,0.879833,0,,5-D,20,20,4441.509,4936.965,4.0511,1.0
3,7400,dci_gated,3,MixBase,0,0.920554,1.0,0.726516,1.0,0.787308,0.893538,0,1.838,5-D,20,20,4779.341,5333.715,3.7497,1.0
3,7400,dci_gated,4,MixBase,0,0.871175,1.0,0.518735,1.0,0.680641,0.823637,0,1.9948,5-D,20,20,3268.514,3664.841,5.4573,1.0
3,7400,dci_gated,5,MixShift1,1,0.57451,1.0,0.241191,0.440092,0.693333,0.583884,1,1.1744,5-D,20,20,3544.42,4094.212,4.8849,1.0
3,7400,dci_gated,6,MixShift1,0,0.741206,1.0,0.518322,0.9375,0.667051,0.776524,1,1.2326,5-D,20,20,5106.41,5640.37,3.5459,1.0
3,7400,dci_gated,7,MixShift1,0,0.861371,1.0,0.716822,0.9375,0.767308,0.861303,0,1.2456,5-D,20,20,4414.569,4894.456,4.0863,1.0
3,7400,dci_gated,8,MixShift1,0,0.905484,1.0,0.724829,1.0,0.760897,0.885471,0,1.2436,5-D,20,20,4188.401,4725.26,4.2326,1.0
3,7400,dci_gated,9,MixSurge1,1,0.933376,0.625,0.827763,1.0,0.822436,0.847262,1,1.7019,5-D,32,32,6513.82,7402.022,4.3231,1.0
3,7400,dci_gated,10,MixSurge1,0,0.944342,1.0,0.855901,1.0,0.721916,0.915553,0,1.72,5-D,32,32,7335.544,8304.815,3.8532,1.0
3,7400,dci_gated,11,MixSurge1,0,0.918402,1.0,0.724223,1.0,0.735951,0.884838,0,1.7146,5-D,32,32,6073.746,7112.378,4.4992,1.0
3,7400,dci_gated,12,MixSurge1,0,0.874892,1.0,0.632291,1.0,0.679946,0.847173,0,1.7388,5-D,32,32,7265.588,8171.612,3.916,1.0
3,7400,dci_gated,13,MixShift2,1,0.591609,1.0,0.313329,0.807882,0.703806,0.677715,1,1.6331,5-D,32,32,14475.282,15646.538,2.0452,1.0
3,7400,dci_gated,14,MixShift2,0,0.890157,1.0,0.653161,1.0,0.787746,0.871334,0,1.6407,5-D,32,32,11688.109,12618.986,2.5359,1.0
3,7400,dci_gated,15,MixShift2,0,0.841626,1.0,0.712819,0.981481,0.771822,0.86504,0,1.6488,5-D,32,32,9279.581,10279.678,3.1129,1.0
3,7400,dci_gated,16,MixShift2,0,0.861371,1.0,0.80361,0.981481,0.780297,0.889406,0,1.6657,5-D,32,32,11281.877,12524.345,2.555,1.0
3,7400,dci_gated,17,MixCalm,1,0.913002,0.625,0.798957,1.0,0.787308,0.831138,1,1.8895,5-D,20,20,6908.688,7290.856,2.7432,1.0
3,7400,dci_gated,18,MixCalm,0,0.952814,1.0,0.678508,1.0,0.666923,0.873943,0,1.916,5-D,20,20,8112.254,8730.605,2.2908,1.0
3,7400,dci_gated,19,MixCalm,0,0.880073,1.0,0.549739,1.0,0.898846,0.864793,0,2.0142,5-D,20,20,6457.176,7136.285,2.8026,1.0
3,7400,dci_gated,20,MixCalm,0,0.905792,1.0,0.727837,1.0,0.683846,0.874592,0,2.0214,5-D,20,20,6421.887,7091.596,2.8202,1.0
3,7400,dci_gated,21,MixShift3,1,0.613338,1.0,0.367307,0.811905,0.799103,0.709042,1,1.9266,5-D,20,20,9108.836,9772.132,2.0466,1.0
3,7400,dci_gated,22,MixShift3,0,1.0,1.0,0.914326,1.0,0.587308,0.920961,1,1.9589,5-D,20,20,7863.506,8534.386,2.3435,1.0
3,7400,dci_gated,23,MixShift3,0,0.828067,1.0,0.645658,0.839744,0.846154,0.83102,0,1.9906,5-D,20,20,9047.581,9440.136,2.1186,1.0
3,7400,dci_gated,24,MixShift3,0,0.882123,1.0,0.878251,0.839744,0.718846,0.871957,0,2.0799,5-D,20,20,8344.951,8938.447,2.2375,1.0
4,7500,dci_gated,1,MixBase,0,0.869421,1.0,0.586722,1.0,0.789103,0.853065,0,,5-D,20,20,4779.163,5140.907,3.8904,1.0
4,7500,dci_gated,2,MixBase,0,0.86444,1.0,0.602656,1.0,0.718846,0.844468,0,,5-D,20,20,4387.402,5065.186,3.9485,1.0
4,7500,dci_gated,3,MixBase,0,0.924065,1.0,0.781926,1.0,0.825897,0.911286,0,1.7285,5-D,20,20,4804.584,5444.381,3.6735,1.0
4,7500,dci_gated,4,MixBase,0,0.926974,1.0,0.760709,1.0,0.735513,0.894212,0,1.7235,5-D,20,20,4141.842,4740.535,4.2189,1.0
4,7500,dci_gated,5,MixShift1,1,0.68833,1.0,0.523489,0.440092,0.700128,0.669818,1,1.2364,5-D,20,20,4846.489,5483.057,3.6476,1.0
4,7500,dci_gated,6,MixShift1,0,0.927134,1.0,0.764639,1.0,0.730385,0.894269,0,1.2824,5-D,20,20,5238.605,5810.131,3.4423,1.0
4,7500,dci_gated,7,MixShift1,0,0.924065,1.0,0.615667,1.0,0.661667,0.8534,0,1.3592,5-D,20,20,4623.505,5123.561,3.9035,1.0
4,7500,dci_gated,8,MixShift1,0,0.874615,1.0,0.435409,1.0,0.713974,0.812832,0,1.6352,5-D,20,20,4152.217,4615.779,4.333,1.0
4,7500,dci_gated,9,MixSurge1,1,0.865985,0.625,0.637715,1.0,0.817436,0.791655,1,2.4238,5-D,32,32,7339.789,8368.565,3.8238,1.0
4,7500,dci_gated,10,MixSurge1,0,0.940549,1.0,0.759289,1.0,0.707395,0.893104,0,2.4552,5-D,32,32,6777.932,7749.292,4.1294,1.0
4,7500,dci_gated,11,MixSurge1,0,0.854695,1.0,0.578127,1.0,0.818408,0.85206,0,2.5333,5-D,32,32,7043.563,8111.822,3.9449,1.0
4,7500,dci_gated,12,MixSurge1,0,0.944342,1.0,0.861466,1.0,0.808664,0.929678,0,2.5931,5-D,32,32,7038.932,8128.803,3.9366,1.0
4,7500,dci_gated,13,MixShift2,1,0.577033,1.0,0.250644,0.807882,0.838704,0.681769,1,2.3391,5-D,32,32,16257.891,17377.659,1.8414,1.0
4,7500,dci_gated,14,MixShift2,0,0.851413,1.0,0.695674,1.0,0.810553,0.873571,0,2.3608,5-D,32,32,11839.534,12582.475,2.5432,1.0
4,7500,dci_gated,15,MixShift2,0,0.871319,1.0,0.727874,1.0,0.723968,0.872,0,2.3584,5-D,32,32,11622.846,12620.01,2.5357,1.0
4,7500,dci_gated,16,MixShift2,0,0.940549,1.0,0.76519,1.0,0.821727,0.911434,0,2.3548,5-D,32,32,9537.558,10718.122,2.9856,1.0
4,7500,dci_gated,17,MixCalm,1,0.839678,0.625,0.568082,1.0,0.722564,0.756921,1,2.6837,5-D,20,20,8195.548,8764.696,2.2819,1.0
4,7500,dci_gated,18,MixCalm,0,0.923755,1.0,0.735778,1.0,0.713846,0.885171,0,2.6682,5-D,20,20,6358.282,7031.467,2.8444,1.0
4,7500,dci_gated,19,MixCalm,0,0.867263,1.0,0.67308,1.0,0.595513,0.840759,0,2.7586,5-D,20,20,8540.917,8986.497,2.2256,1.0
4,7500,dci_gated,20,MixCalm,0,0.894343,1.0,0.813614,1.0,0.648718,0.883616,0,2.7667,5-D,20,20,9132.578,9702.367,2.0614,1.0
4,7500,dci_gated,21,MixShift3,1,0.646599,1.0,0.40805,0.811905,0.782308,0.722987,1,2.5517,5-D,20,20,9918.069,10475.877,1.9091,1.0
4,7500,dci_gated,22,MixShift3,0,0.892239,1.0,0.700714,1.0,0.720769,0.871318,0,2.547,5-D,20,20,7136.121,7847.814,2.5485,1.0
4,7500,dci_gated,23,MixShift3,0,0.854174,1.0,0.667587,0.980769,0.728462,0.852484,0,2.5502,5-D,20,20,6224.151,6690.786,2.9892,1.0
4,7500,dci_gated,24,MixShift3,0,0.78722,1.0,0.547861,0.980769,0.830769,0.827147,0,2.5675,5-D,20,20,8767.805,9457.767,2.1147,1.0
5,7600,dci_gated,1,MixBase,0,0.860812,1.0,0.698268,1.0,0.827051,0.878914,0,,5-D,20,20,4575.65,5070.869,3.9441,1.0
5,7600,dci_gated,2,MixBase,0,0.792377,1.0,0.560876,0.880952,0.767564,0.801595,0,,5-D,20,20,3841.208,4449.325,4.4951,1.0
5,7600,dci_gated,3,MixBase,0,0.798913,1.0,0.684295,0.880952,0.736026,0.823182,0,2.0753,5-D,20,20,3988.559,4615.098,4.3336,1.0
5,7600,dci_gated,4,MixBase,0,0.839868,1.0,0.722432,1.0,0.718718,0.862261,0,2.3548,5-D,20,20,3506.387,4083.436,4.8978,1.0
5,7600,dci_gated,5,MixShift1,1,0.651489,1.0,0.464597,0.440092,0.785385,0.661618,1,1.1248,5-D,20,20,4332.178,4817.123,4.1519,1.0
5,7600,dci_gated,6,MixShift1,0,0.97895,1.0,0.786394,1.0,0.833846,0.927093,0,1.241,5-D,20,20,4107.093,4703.735,4.2519,1.0
5,7600,dci_gated,7,MixShift1,0,0.910463,1.0,0.733022,1.0,0.608974,0.865566,0,1.3433,5-D,20,20,4821.298,5385.41,3.7137,1.0
5,7600,dci_gated,8,MixShift1,0,0.896497,1.0,0.775005,1.0,0.737308,0.889721,0,1.3748,5-D,20,20,4302.295,4816.977,4.152,1.0
5,7600,dci_gated,9,MixSurge1,1,0.913002,0.625,0.79708,1.0,0.710769,0.819282,1,2.0186,5-D,32,32,7856.47,8789.699,3.6406,1.0
5,7600,dci_gated,10,MixSurge1,0,0.978996,1.0,0.905411,1.0,0.650715,0.923438,0,2.1433,5-D,32,32,7640.749,8777.613,3.6456,1.0
5,7600,dci_gated,11,MixSurge1,0,0.9158,1.0,0.754893,1.0,0.758839,0.893755,0,2.1386,5-D,32,32,7501.523,8533.846,3.7498,1.0
5,7600,dci_gated,12,MixSurge1,0,0.894461,1.0,0.704768,1.0,0.780378,0.881626,0,2.1395,5-D,32,32,7072.857,8058.291,3.9711,1.0
5,7600,dci_gated,13,MixShift2,1,0.644619,1.0,0.445075,0.807882,0.703887,0.717329,1,2.0433,5-D,32,32,14353.509,15258.644,2.0972,1.0
5,7600,dci_gated,14,MixShift2,0,0.898586,1.0,0.773816,1.0,0.709015,0.885762,0,2.0425,5-D,32,32,10654.286,11726.247,2.7289,1.0
5,7600,dci_gated,15,MixShift2,0,0.970274,1.0,0.883732,1.0,0.75525,0.932602,0,2.042,5-D,32,32,11003.639,11684.223,2.7387,1.0
5,7600,dci_gated,16,MixShift2,0,0.944342,1.0,0.86968,1.0,0.713441,0.917038,0,2.0306,5-D,32,32,11681.145,12470.208,2.5661,1.0
5,7600,dci_gated,17,MixCalm,1,0.882346,0.625,0.619108,1.0,0.698205,0.774139,1,2.3731,5-D,20,20,7469.506,8028.948,2.491,1.0
5,7600,dci_gated,18,MixCalm,0,0.9579,1.0,0.809174,1.0,0.808718,0.922618,0,2.3659,5-D,20,20,9063.008,9836.129,2.0333,1.0
5,7600,dci_gated,19,MixCalm,0,0.731397,1.0,0.329628,0.854497,0.796795,0.739193,0,2.2482,5-D,20,20,10560.974,11320.777,1.7667,1.0
5,7600,dci_gated,20,MixCalm,0,0.811623,1.0,0.622508,0.854497,0.768333,0.813557,0,2.2421,5-D,20,20,8873.819,9657.797,2.0709,1.0
5,7600,dci_gated,21,MixShift3,1,0.64963,1.0,0.429802,0.811905,0.763205,0.72523,1,2.1212,5-D,20,20,9434.122,10020.301,1.9959,1.0
5,7600,dci_gated,22,MixShift3,0,0.869428,1.0,0.631279,1.0,0.843718,0.870171,0,2.1524,5-D,20,20,13059.284,13533.06,1.4779,1.0
5,7600,dci_gated,23,MixShift3,0,0.859642,1.0,0.479614,1.0,0.795385,0.830141,0,2.1939,5-D,20,20,6219.498,6889.498,2.903,1.0
5,7600,dci_gated,24,MixShift3,0,0.869428,1.0,0.558415,1.0,0.650513,0.826617,0,2.2392,5-D,20,20,11737.35,12143.977,1.6469,1.0
6,7700,dci_gated,1,MixBase,0,0.907993,1.0,0.64762,1.0,0.755513,0.869849,0,,5-D,20,20,4536.822,5141.378,3.89,1.0
6,7700,dci_gated,2,MixBase,0,0.936793,1.0,0.779462,1.0,0.772564,0.905975,0,,5-D,20,20,3988.003,4578.406,4.3683,1.0
6,7700,dci_gated,3,MixBase,0,0.88009,1.0,0.848321,0.880952,0.811026,0.887531,0,1.4097,5-D,20,20,4066.912,4611.089,4.3374,1.0
6,7700,dci_gated,4,MixBase,0,0.739257,1.0,0.495466,0.880952,0.805769,0.780963,0,1.6441,5-D,20,20,3224.528,3663.427,5.4594,1.0
6,7700,dci_gated,5,MixShift1,1,0.573407,1.0,0.250013,0.440092,0.838846,0.6072,1,1.2036,5-D,20,20,4209.701,4888.987,4.0908,1.0
6,7700,dci_gated,6,MixShift1,0,0.808109,1.0,0.670217,0.9375,0.72859,0.832859,0,1.2164,5-D,20,20,4812.881,5221.211,3.8305,1.0
6,7700,dci_gated,7,MixShift1,0,0.825614,1.0,0.575538,0.9375,0.740769,0.820126,0,1.2233,5-D,20,20,5204.571,5856.048,3.4153,1.0
6,7700,dci_gated,8,MixShift1,0,0.905792,1.0,0.681163,1.0,0.752564,0.875565,0,1.224,5-D,20,20,5070.461,5662.768,3.5318,1.0
6,7700,dci_gated,9,MixSurge1,1,0.978996,0.625,0.878584,1.0,0.720256,0.853504,1,1.6421,5-D,32,32,7853.812,9355.064,3.4206,1.0
6,7700,dci_gated,10,MixSurge1,0,0.978996,1.0,0.903446,1.0,0.772848,0.941365,0,1.66,5-D,32,32,7772.371,8870.122,3.6076,1.0
6,7700,dci_gated,11,MixSurge1,0,0.873231,1.0,0.633867,1.0,0.774899,0.861316,0,1.671,5-D,32,32,7212.832,8294.136,3.8581,1.0
6,7700,dci_gated,12,MixSurge1,0,0.957992,1.0,0.793131,1.0,0.73892,0.908962,0,1.6608,5-D,32,32,8130.216,8872.574,3.6066,1.0
6,7700,dci_gated,13,MixShift2,1,0.597205,1.0,0.340793,0.807882,0.794143,0.698158,1,1.571,5-D,32,32,12100.886,12939.125,2.4731,1.0
6,7700,dci_gated,14,MixShift2,0,0.898809,1.0,0.747745,1.0,0.757571,0.887887,0,1.5684,5-D,32,32,14428.47,15205.323,2.1045,1.0
6,7700,dci_gated,15,MixShift2,0,0.927134,1.0,0.801472,1.0,0.85722,0.920661,0,1.6006,5-D,32,32,12950.709,14134.863,2.2639,1.0
6,7700,dci_gated,16,MixShift2,0,0.896724,1.0,0.568143,1.0,0.790553,0.856393,0,1.6291,5-D,32,32,11123.782,11936.488,2.6809,1.0
6,7700,dci_gated,17,MixCalm,1,0.86444,0.625,0.618289,1.0,0.625128,0.758537,1,1.9404,5-D,20,20,9614.515,10186.931,1.9633,1.0
6,7700,dci_gated,18,MixCalm,0,0.889811,1.0,0.768438,1.0,0.506923,0.852179,1,2.0608,5-D,20,20,8522.91,9196.301,2.1748,1.0
6,7700,dci_gated,19,MixCalm,0,0.834886,1.0,0.513223,1.0,0.815897,0.833751,0,2.0936,5-D,20,20,7850.947,8101.745,2.4686,1.0
6,7700,dci_gated,20,MixCalm,0,0.86444,1.0,0.618862,1.0,0.745641,0.851728,0,2.1017,5-D,20,20,6864.52,7276.162,2.7487,1.0
6,7700,dci_gated,21,MixShift3,1,0.652669,1.0,0.402585,0.67381,0.600385,0.668504,1,2.0242,5-D,20,20,10364.718,10901.098,1.8347,1.0
6,7700,dci_gated,22,MixShift3,0,0.868519,1.0,0.822829,0.839744,0.69859,0.854433,0,2.0974,5-D,20,20,9220.096,9961.873,2.0077,1.0
6,7700,dci_gated,23,MixShift3,0,0.863136,1.0,0.831111,0.839744,0.705769,0.85582,0,2.1689,5-D,20,20,9794.898,10309.483,1.94,1.0
6,7700,dci_gated,24,MixShift3,0,0.955171,1.0,0.853627,1.0,0.747179,0.921595,0,2.1412,5-D,20,20,10521.781,11094.327,1.8027,1.0
7,7800,dci_gated,1,MixBase,0,0.838281,1.0,0.590367,0.880952,0.750641,0.81643,0,,5-D,20,20,5351.956,6061.989,3.2992,1.0
7,7800,dci_gated,2,MixBase,0,0.843183,1.0,0.697656,0.880952,0.722692,0.834921,0,,5-D,20,20,4428.83,5050.005,3.9604,1.0
7,7800,dci_gated,3,MixBase,0,0.94422,1.0,0.816813,1.0,0.740641,0.910514,0,1.4786,5-D,20,20,4164.539,4682.269,4.2714,1.0
7,7800,dci_gated,4,MixBase,0,0.821491,1.0,0.6265,1.0,0.702179,0.836,0,1.7773,5-D,20,20,4985.255,5746.996,3.4801,1.0
7,7800,dci_gated,5,MixShift1,1,0.633116,1.0,0.394713,0.440092,0.702436,0.630606,1,1.1329,5-D,20,20,4914.689,5352.036,3.7369,1.0
7,7800,dci_gated,6,MixShift1,0,0.898695,1.0,0.580371,1.0,0.779103,0.857613,0,1.1807,5-D,20,20,4001.463,4522.97,4.4219,1.0
7,7800,dci_gated,7,MixShift1,0,0.894343,1.0,0.566252,1.0,0.788333,0.855086,0,1.2422,5-D,20,20,5083.405,5413.346,3.6946,1.0
7,7800,dci_gated,8,MixShift1,0,0.825203,1.0,0.558862,0.9375,0.865385,0.835381,0,1.3434,5-D,20,20,4702.016,5246.606,3.812,1.0
7,7800,dci_gated,9,MixSurge1,1,0.832726,0.625,0.755288,0.9375,0.767051,0.786797,1,2.0212,5-D,32,32,7992.603,8829.007,3.6244,1.0
7,7800,dci_gated,10,MixSurge1,0,0.9158,1.0,0.735334,1.0,0.654818,0.87424,0,2.064,5-D,32,32,8109.096,8825.316,3.6259,1.0
7,7800,dci_gated,11,MixSurge1,0,0.888367,1.0,0.672135,1.0,0.814062,0.878628,0,2.0831,5-D,32,32,9328.548,10090.87,3.1712,1.0
7,7800,dci_gated,12,MixSurge1,0,0.9131,1.0,0.761826,1.0,0.742915,0.892077,0,2.0818,5-D,32,32,7650.866,8534.442,3.7495,1.0
7,7800,dci_gated,13,MixShift2,1,0.62531,1.0,0.330521,0.821429,0.750202,0.699248,1,1.9965,5-D,32,32,7945.525,8996.665,3.5569,1.0
7,7800,dci_gated,14,MixShift2,0,0.814293,1.0,0.636255,0.981481,0.678758,0.828934,0,2.0306,5-D,32,32,15502.574,16663.674,1.9203,1.0
7,7800,dci_gated,15,MixShift2,0,0.862617,1.0,0.701831,1.0,0.788583,0.874308,0,2.0382,5-D,32,32,9825.037,10690.698,2.9933,1.0
7,7800,dci_gated,16,MixShift2,0,0.910463,1.0,0.846872,1.0,0.880648,0.929087,0,2.1058,5-D,32,32,12724.232,13599.596,2.353,1.0
7,7800,dci_gated,17,MixCalm,1,0.878564,0.625,0.70997,1.0,0.760641,0.800731,1,2.4148,5-D,20,20,5750.24,6218.21,3.2164,1.0
7,7800,dci_gated,18,MixCalm,0,0.921106,1.0,0.662722,1.0,0.848846,0.890148,0,2.4523,5-D,20,20,7664.335,8226.336,2.4312,1.0
7,7800,dci_gated,19,MixCalm,0,0.912909,1.0,0.7851,1.0,0.695769,0.889613,0,2.4495,5-D,20,20,7396.553,8050.847,2.4842,1.0
7,7800,dci_gated,20,MixCalm,0,0.864871,1.0,0.731543,0.981481,0.810641,0.880419,0,2.4645,5-D,20,20,5351.996,6109.503,3.2736,1.0
7,7800,dci_gated,21,MixShift3,1,0.600646,1.0,0.37408,0.657143,0.732436,0.666271,1,2.1332,5-D,20,20,7436.043,7933.833,2.5208,1.0
7,7800,dci_gated,22,MixShift3,0,0.87012,1.0,0.847614,0.839744,0.792436,0.873867,0,2.2507,5-D,20,20,6122.876,6674.672,2.9964,1.0
7,7800,dci_gated,23,MixShift3,0,0.963467,1.0,0.70007,1.0,0.792692,0.899785,0,2.2516,5-D,20,20,6075.409,6636.309,3.0137,1.0
7,7800,dci_gated,24,MixShift3,0,0.915429,1.0,0.731886,1.0,0.902564,0.910619,0,2.2977,5-D,20,20,9324.549,9807.972,2.0392,1.0
8,7900,dci_gated,1,MixBase,0,0.828535,1.0,0.484537,1.0,0.708718,0.810349,0,,5-D,20,20,5149.266,5816.354,3.4386,1.0
8,7900,dci_gated,2,MixBase,0,0.869421,1.0,0.567142,1.0,0.692692,0.834688,0,,5-D,20,20,4769.647,5380.17,3.7174,1.0
8,7900,dci_gated,3,MixBase,0,0.970242,1.0,0.873092,1.0,0.663974,0.916775,0,1.3688,5-D,20,20,5410.684,5885.369,3.3983,1.0
8,7900,dci_gated,4,MixBase,0,0.933292,1.0,0.799264,1.0,0.743974,0.904772,0,1.3345,5-D,20,20,4840.04,5457.348,3.6648,1.0
8,7900,dci_gated,5,MixShift1,1,0.721865,1.0,0.608263,0.440092,0.687308,0.693233,1,1.7318,5-D,20,20,5345.667,5847.251,3.4204,1.0
8,7900,dci_gated,6,MixShift1,0,0.796558,1.0,0.600571,0.9375,0.878077,0.838465,0,1.8863,5-D,20,20,5088.638,5604.27,3.5687,1.0
8,7900,dci_gated,7,MixShift1,0,0.862537,1.0,0.686245,1.0,0.820769,0.875999,0,1.9228,5-D,20,20,5142.005,5918.607,3.3792,1.0
8,7900,dci_gated,8,MixShift1,0,0.868519,1.0,0.873778,0.9375,0.780641,0.896481,0,2.1123,5-D,20,20,5055.772,5845.224,3.4216,1.0
8,7900,dci_gated,9,MixSurge1,1,0.890157,0.625,0.729707,1.0,0.819359,0.816385,1,2.9125,5-D,32,32,8242.107,9163.67,3.4921,1.0
8,7900,dci_gated,10,MixSurge1,0,0.936793,1.0,0.835233,1.0,0.66942,0.901658,0,2.9564,5-D,32,32,7490.744,8243.666,3.8818,1.0
8,7900,dci_gated,11,MixSurge1,0,0.848523,1.0,0.636312,1.0,0.641484,0.835616,0,3.0433,5-D,32,32,8477.484,9511.854,3.3642,1.0
8,7900,dci_gated,12,MixSurge1,0,0.83731,1.0,0.713795,0.9375,0.677571,0.841222,0,3.087,5-D,32,32,9084.546,10035.763,3.1886,1.0
8,7900,dci_gated,13,MixShift2,1,0.56393,1.0,0.249026,0.756158,0.666964,0.642064,1,2.5204,5-D,32,32,12713.772,13682.671,2.3387,1.0
8,7900,dci_gated,14,MixShift2,0,0.957992,1.0,0.84696,1.0,0.740459,0.919959,0,2.4583,5-D,32,32,10214.34,11120.204,2.8776,1.0
8,7900,dci_gated,15,MixShift2,0,0.905417,1.0,0.729346,1.0,0.756869,0.885754,0,2.4427,5-D,32,32,10528.462,11687.979,2.7379,1.0
8,7900,dci_gated,16,MixShift2,0,0.874351,1.0,0.687897,1.0,0.650283,0.85371,0,2.4788,5-D,32,32,12169.775,13044.184,2.4532,1.0
8,7900,dci_gated,17,MixCalm,1,0.903131,0.625,0.650524,1.0,0.771923,0.796676,1,2.7991,5-D,20,20,7585.384,8425.079,2.3739,1.0
8,7900,dci_gated,18,MixCalm,0,0.831698,1.0,0.473724,1.0,0.807308,0.823765,0,2.8281,5-D,20,20,9593.446,10387.099,1.9255,1.0
8,7900,dci_gated,19,MixCalm,0,0.89838,1.0,0.673516,1.0,0.819231,0.882183,0,2.8417,5-D,20,20,5431.868,6093.91,3.282,1.0
8,7900,dci_gated,20,MixCalm,0,0.871319,1.0,0.450482,1.0,0.728846,0.817253,0,2.8683,5-D,20,20,7465.735,7960.656,2.5124,1.0
8,7900,dci_gated,21,MixShift3,1,0.576115,1.0,0.149641,0.811905,0.847051,0.663396,1,2.381,5-D,20,20,6909.077,7593.944,2.6337,1.0
8,7900,dci_gated,22,MixShift3,0,0.89838,1.0,0.57231,1.0,0.710769,0.845672,0,2.3994,5-D,20,20,9885.813,10398.482,1.9234,1.0
8,7900,dci_gated,23,MixShift3,0,0.888121,1.0,0.707119,1.0,0.735897,0.873839,0,2.3959,5-D,20,20,12016.95,12596.162,1.5878,1.0
8,7900,dci_gated,24,MixShift3,0,0.859176,1.0,0.578683,1.0,0.775385,0.846838,0,2.4028,5-D,20,20,8701.852,9406.633,2.1262,1.0
9,8000,dci_gated,1,MixBase,0,0.918066,1.0,0.72983,1.0,0.757692,0.889136,0,,5-D,20,20,5209.477,5720.524,3.4962,1.0
9,8000,dci_gated,2,MixBase,0,0.923755,1.0,0.76094,1.0,0.733718,0.893185,0,,5-D,20,20,5141.033,5597.784,3.5728,1.0
9,8000,dci_gated,3,MixBase,0,0.894012,1.0,0.668678,1.0,0.669231,0.857623,0,1.5,5-D,20,20,5076.392,5686.157,3.5173,1.0
9,8000,dci_gated,4,MixBase,0,0.936793,1.0,0.799708,1.0,0.70859,0.900428,0,1.2879,5-D,20,20,4909.219,5339.198,3.7459,1.0
9,8000,dci_gated,5,MixShift1,1,0.66845,1.0,0.449678,0.438424,0.819359,0.667637,1,1.1427,5-D,20,20,5787.804,6390.568,3.1296,1.0
9,8000,dci_gated,6,MixShift1,0,0.940335,1.0,0.807199,1.0,0.672179,0.89735,0,1.2148,5-D,20,20,5804.0,6349.028,3.1501,1.0
9,8000,dci_gated,7,MixShift1,0,0.806219,1.0,0.593119,0.9375,0.800897,0.827813,0,1.241,5-D,20,20,5633.174,6072.678,3.2934,1.0
9,8000,dci_gated,8,MixShift1,0,0.95786,1.0,0.715236,1.0,0.876026,0.913916,0,1.3626,5-D,20,20,4932.106,5446.674,3.672,1.0
9,8000,dci_gated,9,MixSurge1,1,0.900833,0.625,0.727844,1.0,0.797564,0.815412,1,2.0145,5-D,32,32,9007.202,10036.949,3.1882,1.0
9,8000,dci_gated,10,MixSurge1,0,0.918402,1.0,0.747083,1.0,0.854413,0.907179,0,2.0921,5-D,32,32,9019.272,9744.348,3.284,1.0
9,8000,dci_gated,11,MixSurge1,0,0.924065,1.0,0.724216,1.0,0.83892,0.901697,0,2.1377,5-D,32,32,8445.002,9367.701,3.416,1.0
9,8000,dci_gated,12,MixSurge1,0,0.88009,1.0,0.840429,0.9375,0.678165,0.877333,0,2.2809,5-D,32,32,9300.244,10259.359,3.1191,1.0
9,8000,dci_gated,13,MixShift2,1,0.522421,1.0,0.283722,0.756158,0.757031,0.652136,1,1.9789,5-D,32,32,11320.521,12141.197,2.6357,1.0
9,8000,dci_gated,14,MixShift2,0,0.905417,1.0,0.76101,1.0,0.753792,0.891625,0,1.9708,5-D,32,32,12418.948,13337.951,2.3992,1.0
9,8000,dci_gated,15,MixShift2,0,0.957992,1.0,0.767398,1.0,0.527395,0.872087,1,2.079,5-D,32,32,12023.98,13122.146,2.4386,1.0
9,8000,dci_gated,16,MixShift2,0,0.861579,1.0,0.755409,0.981481,0.797652,0.88242,0,2.1002,5-D,32,32,10987.157,12122.756,2.6397,1.0
9,8000,dci_gated,17,MixCalm,1,0.808829,0.625,0.706176,0.981481,0.814103,0.786854,1,2.4338,5-D,20,20,9392.648,9802.547,2.0403,1.0
9,8000,dci_gated,18,MixCalm,0,0.978996,1.0,0.908827,1.0,0.700513,0.931591,0,2.3944,5-D,20,20,9284.438,9918.2,2.0165,1.0
9,8000,dci_gated,19,MixCalm,0,0.924065,1.0,0.789588,1.0,0.788846,0.907261,0,2.3848,5-D,20,20,7579.176,8154.686,2.4526,1.0
9,8000,dci_gated,20,MixCalm,0,0.9131,1.0,0.812078,1.0,0.708718,0.896998,0,2.3668,5-D,20,20,7902.802,8326.006,2.4021,1.0
9,8000,dci_gated,21,MixShift3,1,0.607195,1.0,0.377376,0.811905,0.742308,0.701001,1,2.1936,5-D,20,20,13154.161,13729.535,1.4567,1.0
9,8000,dci_gated,22,MixShift3,0,0.887907,1.0,0.721066,1.0,0.759103,0.880055,0,2.1898,5-D,20,20,11831.315,12441.809,1.6075,1.0
9,8000,dci_gated,23,MixShift3,0,0.859044,1.0,0.597544,1.0,0.757308,0.847866,0,2.2013,5-D,20,20,11384.078,11861.619,1.6861,1.0
9,8000,dci_gated,24,MixShift3,0,0.944342,1.0,0.862728,1.0,0.743718,0.920189,0,2.1758,5-D,20,20,11118.776,11711.624,1.7077,1.0
10,8100,dci_gated,1,MixBase,0,0.851413,1.0,0.403641,1.0,0.700513,0.798658,0,,5-D,20,20,6093.302,6687.453,2.9907,1.0
10,8100,dci_gated,2,MixBase,0,0.89838,1.0,0.669963,1.0,0.709103,0.864953,0,,5-D,20,20,4977.901,5590.603,3.5774,1.0
10,8100,dci_gated,3,MixBase,0,0.900511,1.0,0.648241,1.0,0.830256,0.879314,0,1.4261,5-D,20,20,5272.76,5751.266,3.4775,1.0
10,8100,dci_gated,4,MixBase,0,0.889914,1.0,0.606477,1.0,0.792179,0.862601,0,1.5337,5-D,20,20,5551.297,6195.732,3.228,1.0
10,8100,dci_gated,5,MixShift1,1,0.611652,1.0,0.382828,0.440092,0.795897,0.636882,1,1.379,5-D,20,20,4467.279,4968.675,4.0252,1.0
10,8100,dci_gated,6,MixShift1,0,0.823949,1.0,0.600025,1.0,0.844103,0.852608,0,1.4652,5-D,20,20,4759.6,5300.788,3.773,1.0
10,8100,dci_gated,7,MixShift1,0,0.849882,1.0,0.663919,1.0,0.792564,0.864139,0,1.4846,5-D,20,20,4870.746,5483.17,3.6475,1.0
10,8100,dci_gated,8,MixShift1,0,0.923898,1.0,0.804257,1.0,0.727308,0.900922,0,1.5092,5-D,20,20,5749.03,6366.696,3.1413,1.0
10,8100,dci_gated,9,MixSurge1,1,0.880307,0.625,0.653118,1.0,0.735256,0.785989,1,2.1611,5-D,32,32,7570.982,8607.297,3.7178,1.0
10,8100,dci_gated,10,MixSurge1,0,0.869421,1.0,0.723427,1.0,0.768934,0.877381,0,2.1639,5-D,32,32,7629.848,8621.378,3.7117,1.0
10,8100,dci_gated,11,MixSurge1,0,0.978996,1.0,0.867904,1.0,0.738219,0.929063,0,2.1786,5-D,32,32,7928.627,9002.384,3.5546,1.0
10,8100,dci_gated,12,MixSurge1,0,0.924065,1.0,0.881641,1.0,0.79525,0.926632,0,2.2007,5-D,32,32,8045.387,8891.597,3.5989,1.0
10,8100,dci_gated,13,MixShift2,1,0.588714,1.0,0.382564,0.807882,0.590202,0.673798,1,2.0952,5-D,32,32,12644.35,13484.014,2.3732,1.0
10,8100,dci_gated,14,MixShift2,0,0.867544,1.0,0.51021,1.0,0.576167,0.805353,0,2.2243,5-D,32,32,17391.027,18272.056,1.7513,1.0
10,8100,dci_gated,15,MixShift2,0,0.970274,1.0,0.744134,1.0,0.750742,0.904007,0,2.2051,5-D,32,32,13663.53,14645.071,2.185,1.0
10,8100,dci_gated,16,MixShift2,0,0.924065,1.0,0.786095,1.0,0.696788,0.892753,0,2.1978,5-D,32,32,14482.944,15253.643,2.0979,1.0
10,8100,dci_gated,17,MixCalm,1,0.952979,0.625,0.796834,1.0,0.802308,0.842958,1,2.4538,5-D,20,20,7043.085,7560.851,2.6452,1.0
10,8100,dci_gated,18,MixCalm,0,0.845523,1.0,0.48459,1.0,0.675256,0.809587,0,2.4951,5-D,20,20,8939.073,9490.222,2.1074,1.0
10,8100,dci_gated,19,MixCalm,0,0.944277,1.0,0.75517,1.0,0.821154,0.910276,0,2.4792,5-D,20,20,7223.956,7824.807,2.556,1.0
10,8100,dci_gated,20,MixCalm,0,0.870761,1.0,0.598476,1.0,0.757308,0.850982,0,2.4932,5-D,20,20,10112.137,10763.946,1.8581,1.0
10,8100,dci_gated,21,MixShift3,1,0.67486,1.0,0.55636,0.811905,0.765641,0.757214,1,2.4428,5-D,20,20,11326.97,12071.936,1.6567,1.0
10,8100,dci_gated,22,MixShift3,0,0.839276,1.0,0.724944,0.942308,0.850641,0.870865,0,2.4798,5-D,20,20,12746.188,13448.08,1.4872,1.0
10,8100,dci_gated,23,MixShift3,0,0.768928,1.0,0.542872,0.942308,0.857692,0.817922,0,2.5168,5-D,20,20,14411.379,14867.302,1.3452,1.0
10,8100,dci_gated,24,MixShift3,0,0.890038,1.0,0.528364,1.0,0.809359,0.849586,0,2.5684,5-D,20,20,7058.958,7586.513,2.6363,1.0
