block,block_seed,strategy,window,phase,drift_truth,S_R,S_V,S_T,S_A,S_P,HSM,invoked,gate_dci,gate_regime,n_queries,n_ok,n_failed,exec_ms_window_sum,wall_ms_window,qps_window
0,9000,dci_gated,1,edge,0,0.8175445350038288,1.0,0.7788603733587827,0.8,0.8121794871794873,0.8419851314996369,0,,5-D,20,20,0,436.622,436.994,45.7673
0,9000,dci_gated,2,edge,0,0.8568140293617765,1.0,0.6505670034399254,0.9,0.9311538461538462,0.8639899849515063,0,,5-D,20,20,0,379.903,380.227,52.6002
0,9000,dci_gated,3,edge,0,0.8126696968621718,1.0,0.6490735743448681,0.8,0.7725641025641026,0.808866754469132,0,1.4779,1-D,20,20,0,555.022,555.273,36.0183
0,9000,dci_gated,4,edge,0,0.8657676528570004,1.0,0.5105933039520065,0.875,0.7637179487179487,0.8081182663123437,0,1.8615,1-D,20,20,0,315.21,315.579,63.3756
0,9000,dci_gated,5,geo,1,0.4166952732048943,1.0,0.0,0.17142857142857143,0.8052564102564103,0.4592479941253994,1,1.1702,1-D,20,20,0,7002.761,7003.412,2.8558
0,9000,dci_gated,6,geo,0,0.6707436088633502,1.0,0.4705343330096934,0.43333333333333335,0.6670512820512821,0.6485171277921352,1,1.1828,1-D,20,20,0,3851.728,3852.18,5.1919
0,9000,dci_gated,7,geo,0,0.7644618960149923,1.0,0.6132316586056861,0.7166666666666667,0.7719230769230769,0.7728836005966802,0,1.1809,1-D,20,20,0,2045.173,2045.603,9.7771
0,9000,dci_gated,8,geo,0,0.7038117241571322,1.0,0.6784903932235818,0.43333333333333335,0.7111538461538461,0.704990753273743,1,1.2602,1-D,20,20,0,1826.64,1827.109,10.9463
0,9000,dci_gated,9,geo,1,0.7798857320966481,0.4166666666666667,0.7229002652685388,0.5166666666666667,0.8725641025641027,0.6571027681291519,1,1.7971,1-D,48,48,0,5382.525,5383.399,8.9163
0,9000,dci_gated,10,geo,0,0.8651043846441083,1.0,0.8012294315017471,0.9,0.8295570079883806,0.8809555336596336,0,1.7957,1-D,48,48,0,3668.158,3669.096,13.0822
0,9000,dci_gated,11,geo,0,0.8185792599470637,1.0,0.717979596395753,0.8,0.6817719680464779,0.8105065294728883,0,1.8057,1-D,48,48,0,2766.201,2767.098,17.3467
0,9000,dci_gated,12,geo,0,0.8673824235724212,1.0,0.7774343356900039,0.9,0.6996732026143792,0.8572834534232631,0,1.8015,1-D,48,48,0,3121.925,3122.778,15.3709
0,9000,dci_gated,13,review,1,0.49268928470822393,1.0,0.061680684201312896,0.625,0.6897966594045026,0.5639779569279939,0,1.7666,1-D,48,48,0,20669.695,20670.426,2.3222
0,9000,dci_gated,14,review,0,0.9746560095889856,1.0,0.8645974648316603,1.0,0.6461510530137982,0.9135061533156481,0,1.753,1-D,48,48,0,10746.766,10747.44,4.4662
0,9000,dci_gated,15,review,0,0.8493820531950165,1.0,0.7305544206461717,0.9,0.7119825708061003,0.8452537830489035,0,1.7545,1-D,48,48,0,13213.001,13213.78,3.6326
0,9000,dci_gated,16,review,0,0.8532692316004895,1.0,0.5097697957329224,0.9,0.7253449527959333,0.8040730099660969,0,1.8004,1-D,48,48,0,15144.904,15145.618,3.1692
0,9000,dci_gated,17,review,1,0.9142924900465794,0.4166666666666667,0.6858986867614657,1.0,0.758974358974359,0.7629323470434252,1,2.1397,1-D,20,20,0,3729.303,3729.55,5.3626
0,9000,dci_gated,18,review,0,0.8282667471598971,1.0,0.5256060811481686,0.9,0.7406410256410256,0.803284056865762,0,2.176,1-D,20,20,0,519.733,519.976,38.4633
0,9000,dci_gated,19,review,0,0.8488575160432829,1.0,0.8043062325516624,0.9,0.7855128205128206,0.8709025485980764,0,2.1669,1-D,20,20,0,315.665,315.869,63.3173
0,9000,dci_gated,20,review,0,0.8183277117007426,1.0,0.6971788830652785,0.9,0.8541025641025641,0.8521330891536261,0,2.1829,1-D,20,20,0,498.518,498.728,40.102
0,9000,dci_gated,21,edge,1,0.5387363925604041,1.0,0.055772826813598075,0.46590909090909094,0.7507692307692309,0.5516358663000235,0,1.9615,1-D,20,20,0,506.123,506.39,39.4952
0,9000,dci_gated,22,edge,0,0.7453375586942754,1.0,0.790973357025115,0.625,0.6573076923076924,0.7681252149247457,0,2.0046,1-D,20,20,0,473.988,474.259,42.1711
0,9000,dci_gated,23,edge,0,0.8501775419428053,1.0,0.7442574154968986,0.8333333333333333,0.8337179487179488,0.8531202275594401,0,2.0088,1-D,20,20,0,302.201,302.515,66.1125
0,9000,dci_gated,24,edge,0,0.7607370766594177,1.0,0.8337420285188094,0.7,0.8378205128205128,0.8226057517916933,0,2.0416,1-D,20,20,0,299.933,300.244,66.6126
1,9100,dci_gated,1,edge,0,0.7377621311029372,1.0,0.6065163135330657,0.625,0.7403846153846154,0.7418014877900398,0,,5-D,20,20,0,279.563,279.925,71.4477
1,9100,dci_gated,2,edge,0,0.8023583963705514,1.0,0.7811740311516991,0.75,0.8671794871794872,0.8369013283999008,0,,5-D,20,20,0,375.135,375.421,53.2735
1,9100,dci_gated,3,edge,0,0.8011682796979015,1.0,0.7973637282067566,0.75,0.7776923076923077,0.8264186617196729,0,2.1208,1-D,20,20,0,97.98,98.335,203.3863
1,9100,dci_gated,4,edge,0,0.7266973441742279,1.0,0.8522150475328516,0.625,0.7894871794871796,0.7955404224732043,1,1.8641,1-D,20,20,0,218.159,218.466,91.5475
1,9100,dci_gated,5,geo,1,0.4639699768845813,1.0,0.004989503928299777,0.375,0.7917948717948717,0.5107596257760361,1,1.2684,1-D,20,20,0,6864.378,6864.929,2.9134
1,9100,dci_gated,6,geo,0,0.9599686796632493,1.0,0.8082770218208601,1.0,0.7052564102564103,0.907436035818446,0,1.2818,1-D,20,20,0,2520.296,2520.698,7.9343
1,9100,dci_gated,7,geo,0,0.8592950836629896,1.0,0.6292863483241348,0.875,0.5402564102564104,0.796719502119036,0,1.4165,1-D,20,20,0,751.191,751.512,26.613
1,9100,dci_gated,8,geo,0,0.8848003962680133,1.0,0.8078315726308664,0.7916666666666667,0.825897435897436,0.8649843623111253,0,1.4381,1-D,20,20,0,1358.564,1358.957,14.7172
1,9100,dci_gated,9,geo,1,0.7851629822903892,0.4166666666666667,0.7396034083420171,0.6166666666666667,0.7371794871794872,0.6614550169845905,1,2.19,1-D,48,48,0,2638.875,2639.68,18.184
1,9100,dci_gated,10,geo,0,0.8852730262587669,1.0,0.850054124261597,0.9,0.6659404502541757,0.8712201489551376,0,2.1681,1-D,48,48,0,2215.63,2216.417,21.6566
1,9100,dci_gated,11,geo,0,0.8663708329773616,1.0,0.71089488837567,0.9,0.6311909949164852,0.8334503351569473,0,2.2036,1-D,48,48,0,1944.676,1945.443,24.673
1,9100,dci_gated,12,geo,0,0.8221901242892975,1.0,0.6353358242897831,0.8,0.585039941902687,0.780370687215684,0,2.2774,1-D,48,48,0,2901.601,2902.531,16.5373
1,9100,dci_gated,13,review,1,0.43513085851010846,1.0,0.015185416042606592,0.3833333333333333,0.8195715323166304,0.5114221943502096,0,1.7462,1-D,48,48,0,22166.771,22167.495,2.1653
1,9100,dci_gated,14,review,0,0.8659090845677841,1.0,0.7207059742241875,0.8444444444444444,0.8281045751633987,0.8537230411501823,0,1.7544,1-D,48,48,0,11622.345,11623.09,4.1297
1,9100,dci_gated,15,review,0,0.9829197728790905,1.0,0.8002969944550988,1.0,0.7965867828612927,0.9252773595399864,0,1.753,1-D,48,48,0,13338.112,13338.842,3.5985
1,9100,dci_gated,16,review,0,0.9061340949801014,1.0,0.645206854763099,1.0,0.737763253449528,0.8662393827150745,0,1.7955,1-D,48,48,0,14917.416,14918.218,3.2175
1,9100,dci_gated,17,review,1,0.8343088634737803,0.4166666666666667,0.6783433712258631,0.7444444444444445,0.7626923076923078,0.6908719584896861,1,2.1024,1-D,20,20,0,6025.766,6026.122,3.3189
1,9100,dci_gated,18,review,0,0.6987811230180054,1.0,0.5335588036272452,0.43333333333333335,0.7952564102564104,0.6873621696850786,0,2.0874,1-D,20,20,0,612.444,612.658,32.6446
1,9100,dci_gated,19,review,0,0.7697655149738658,1.0,0.44635349582275285,0.8888888888888888,0.7707692307692308,0.7751052403011794,0,2.1317,1-D,20,20,0,438.243,438.46,45.6142
1,9100,dci_gated,20,review,0,0.6980180511453791,1.0,0.44804665425294254,0.5694444444444444,0.8107692307692309,0.6996181171412068,0,2.0758,1-D,20,20,0,475.519,475.732,42.0405
1,9100,dci_gated,21,edge,1,0.5122410911516139,1.0,0.039840665813421605,0.29545454545454547,0.6705128205128205,0.49569623811841995,0,1.8244,1-D,20,20,0,492.309,492.561,40.6041
1,9100,dci_gated,22,edge,0,0.8758291863952269,1.0,0.8553125839255101,0.9,0.7356410256410257,0.8803659672300627,0,1.8148,1-D,20,20,0,403.667,403.917,49.5151
1,9100,dci_gated,23,edge,0,0.8758445046064223,1.0,0.8784609690653701,0.9,0.7206410256410256,0.8827494738108335,0,1.8049,1-D,20,20,0,531.452,531.686,37.6162
1,9100,dci_gated,24,edge,0,0.8561388285897877,1.0,0.7775282210454202,0.875,0.806025641025641,0.8654441975103773,0,1.8037,1-D,20,20,0,591.753,592.019,33.7827
2,9200,dci_gated,1,edge,0,0.8682972782400727,1.0,0.8148758831487549,0.875,0.6673076923076924,0.8551456500359231,0,,5-D,20,20,0,527.451,527.696,37.9006
2,9200,dci_gated,2,edge,0,0.976892054630154,1.0,0.8362904532015769,1.0,0.7757692307692308,0.9278464889132384,0,,5-D,20,20,0,439.729,440.01,45.4535
2,9200,dci_gated,3,edge,0,0.8265711565012832,1.0,0.8108459312778248,0.8,0.7937179487179488,0.8478696676885782,0,1.3929,1-D,20,20,0,262.442,262.65,76.1471
2,9200,dci_gated,4,edge,0,0.8256494585299246,1.0,0.4786395772662131,0.8,0.808846153846154,0.7834672031626468,0,1.6889,1-D,20,20,0,383.72,384.052,52.0762
2,9200,dci_gated,5,geo,1,0.5423384042731032,1.0,0.043757672249943314,0.425,0.7753846153846154,0.5456438278259568,1,1.1263,1-D,20,20,0,6935.543,6935.995,2.8835
2,9200,dci_gated,6,geo,0,0.7675187116963861,1.0,0.6474064091640066,0.6333333333333333,0.7607692307692309,0.7621430110389491,0,1.1614,1-D,20,20,0,3946.312,3946.715,5.0675
2,9200,dci_gated,7,geo,0,0.6846839869196966,1.0,0.35547574444646346,0.55,0.7305128205128205,0.6618430686961398,1,1.1361,1-D,20,20,0,1247.25,1247.574,16.0311
2,9200,dci_gated,8,geo,0,0.7715106640479703,1.0,0.6850200224480734,0.7333333333333334,0.6073076923076923,0.7676444910144279,0,1.1901,1-D,20,20,0,1020.466,1020.794,19.5926
2,9200,dci_gated,9,geo,1,0.8567799735987254,0.4166666666666667,0.7322422278296491,0.9166666666666667,0.6417948717948718,0.7235793364015086,1,1.8454,1-D,48,48,0,2252.136,2253.007,21.3049
2,9200,dci_gated,10,geo,0,0.8870904647300609,1.0,0.7603038404028006,0.9,0.8542120551924475,0.8819651925419425,0,1.8643,1-D,48,48,0,2349.169,2350.031,20.4253
2,9200,dci_gated,11,geo,0,0.8873300023769842,1.0,0.664143874107521,0.9,0.7210602759622369,0.8428203168100858,0,1.8953,1-D,48,48,0,3151.009,3151.839,15.2292
2,9200,dci_gated,12,geo,0,0.8592143362075808,1.0,0.4457405128609171,0.9,0.842084241103849,0.810264322789656,0,2.0205,1-D,48,48,0,3849.399,3850.267,12.4667
2,9200,dci_gated,13,review,1,0.44699686941163186,1.0,0.014522700340317996,0.425,0.8542120551924474,0.5277855656998387,0,1.6334,1-D,48,48,0,22972.948,22973.724,2.0893
2,9200,dci_gated,14,review,0,0.7881822592374996,1.0,0.5956368476772915,0.788888888888889,0.7998547567175018,0.7939289256302363,0,1.6339,1-D,48,48,0,10258.606,10259.306,4.6787
2,9200,dci_gated,15,review,0,0.8534417801898818,1.0,0.6761377150415979,0.8888888888888888,0.7776325344952797,0.8430106460078599,0,1.6436,1-D,48,48,0,13290.902,13291.695,3.6113
2,9200,dci_gated,16,review,0,0.8467592193077512,1.0,0.7493531482419908,0.9,0.7902323892519971,0.8600952928631356,0,1.6459,1-D,48,48,0,13424.719,13425.506,3.5753
2,9200,dci_gated,17,review,1,0.8125051963481574,0.4166666666666667,0.6042973624225192,0.8,0.8688461538461539,0.6976460279817996,1,1.9747,1-D,20,20,0,3402.609,3402.877,5.8774
2,9200,dci_gated,18,review,0,0.7507443988361635,1.0,0.5222885531523712,0.6444444444444444,0.8306410256410257,0.745628853074558,0,1.9577,1-D,20,20,0,448.997,449.184,44.5252
2,9200,dci_gated,19,review,0,0.7558321731953874,1.0,0.5277517559016467,0.75,0.8141025641025641,0.7666237790945609,0,1.9479,1-D,20,20,0,445.893,446.085,44.8345
2,9200,dci_gated,20,review,0,0.7675778869440619,1.0,0.5033506922607982,0.7444444444444445,0.7838461538461539,0.7590304221539872,0,1.9353,1-D,20,20,0,497.836,498.036,40.1577
2,9200,dci_gated,21,edge,1,0.5645919980419004,1.0,0.05485937645220518,0.49090909090909096,0.7574358974358976,0.563917077598119,0,1.7509,1-D,20,20,0,298.124,298.408,67.0223
2,9200,dci_gated,22,edge,0,0.8029243130069971,1.0,0.5022538470031984,0.8,0.7038461538461539,0.7667587707293121,0,1.7581,1-D,20,20,0,438.873,439.182,45.5392
2,9200,dci_gated,23,edge,0,0.7856097738565375,1.0,0.5952589989579273,0.9,0.7553846153846154,0.8087619355634122,0,1.7743,1-D,20,20,0,194.351,194.645,102.7512
2,9200,dci_gated,24,edge,0,0.7398426896668466,1.0,0.7000699263164454,0.8,0.7256410256410257,0.7938208115261546,0,1.7802,1-D,20,20,0,384.487,384.777,51.9782
3,9300,dci_gated,1,edge,0,0.7848421927924534,1.0,0.7780860822788062,0.7,0.7423076923076923,0.8031739185000285,0,,5-D,20,20,0,433.649,433.925,46.091
3,9300,dci_gated,2,edge,0,0.798088603661685,1.0,0.7205638552359652,0.75,0.7885897435897435,0.8119233835010758,0,,5-D,20,20,0,525.066,525.316,38.0723
3,9300,dci_gated,3,edge,0,0.7940898643434111,1.0,0.7768159288260112,0.8,0.753974358974359,0.8269818056972089,0,1.3879,1-D,20,20,0,333.776,334.057,59.8701
3,9300,dci_gated,4,edge,0,0.7439550637154713,1.0,0.7943758476211935,0.8,0.7607692307692309,0.8189793200684912,1,1.5412,1-D,20,20,0,148.649,148.965,134.2601
3,9300,dci_gated,5,geo,1,0.4696621285141145,1.0,0.011136821281616416,0.2625,0.7957692307692308,0.4915082810002365,1,1.0925,1-D,20,20,0,5640.527,5641.017,3.5455
3,9300,dci_gated,6,geo,0,0.8754383845797199,1.0,0.5195056013330157,0.875,0.7421794871794872,0.8090876394884562,0,1.1713,1-D,20,20,0,3223.64,3224.006,6.2035
3,9300,dci_gated,7,geo,0,0.8673897936944323,1.0,0.48248411775529754,0.8166666666666667,0.7234615384615385,0.7851968360772317,0,1.2363,1-D,20,20,0,857.138,857.469,23.3245
3,9300,dci_gated,8,geo,0,0.8623841308747962,1.0,0.5782018227282031,0.8166666666666667,0.6757692307692308,0.7959351152130576,0,1.2763,1-D,20,20,0,1997.811,1998.135,10.0093
3,9300,dci_gated,9,geo,1,0.8685389092543,0.4166666666666667,0.7700324925875676,0.8166666666666667,0.7776923076923077,0.7344617386516014,1,1.9677,1-D,48,48,0,4834.967,4835.894,9.9258
3,9300,dci_gated,10,geo,0,0.9654854868160316,1.0,0.9339952805910978,1.0,0.7017066085693537,0.9334264191076306,0,1.8822,1-D,48,48,0,2306.581,2307.398,20.8027
3,9300,dci_gated,11,geo,0,0.9375999806248132,1.0,0.8385816703143975,1.0,0.8482570806100218,0.929354891310586,0,1.8718,1-D,48,48,0,2333.424,2334.31,20.5628
3,9300,dci_gated,12,geo,0,0.9412387034491367,1.0,0.8020745272260241,1.0,0.8039941902687001,0.9163237098477941,0,1.8589,1-D,48,48,0,3857.919,3858.72,12.4394
3,9300,dci_gated,13,review,1,0.46571320915813863,1.0,0.03460106180842304,0.525,0.6313725490196078,0.5230543970041605,0,1.6269,1-D,48,48,0,22255.974,22256.71,2.1567
3,9300,dci_gated,14,review,0,0.8822542928489153,1.0,0.6863551654019643,0.9,0.6688090050835149,0.838155957055149,0,1.6482,1-D,48,48,0,12717.822,12718.55,3.774
3,9300,dci_gated,15,review,0,0.870967135251195,1.0,0.6817650114048859,0.9,0.7677559912854031,0.8492581847865864,0,1.6582,1-D,48,48,0,13555.086,13555.79,3.5409
3,9300,dci_gated,16,review,0,0.8681098729717852,1.0,0.6048275266444578,0.9,0.8459331880900508,0.8448829517853456,0,1.6951,1-D,48,48,0,13644.182,13644.95,3.5178
3,9300,dci_gated,17,review,1,0.8530104911252304,0.4166666666666667,0.756836123134813,0.9,0.7057692307692308,0.7338185653569882,1,1.9964,1-D,20,20,0,4838.396,4838.719,4.1333
3,9300,dci_gated,18,review,0,0.9444078082336262,1.0,0.6468364152647221,1.0,0.723974358974359,0.8740653889575049,0,2.0473,1-D,20,20,0,435.727,435.945,45.8773
3,9300,dci_gated,19,review,0,0.7640383071860306,1.0,0.6826574975798749,0.7,0.782051282051282,0.7848487686201749,0,2.0532,1-D,20,20,0,213.021,213.237,93.7925
3,9300,dci_gated,20,review,0,0.7325271831591738,1.0,0.5669249647541343,0.6444444444444444,0.7642307692307693,0.7400402930141246,0,2.0368,1-D,20,20,0,536.853,537.048,37.2406
3,9300,dci_gated,21,edge,1,0.49580990700783856,1.0,0.06384869000623805,0.24545454545454548,0.6843589743589744,0.4884669699979625,0,1.7606,1-D,20,20,0,342.292,342.587,58.3794
3,9300,dci_gated,22,edge,0,0.827438127052845,1.0,0.6682811101454841,0.875,0.5624358974358974,0.7998811384076927,0,1.8001,1-D,20,20,0,345.953,346.172,57.7748
3,9300,dci_gated,23,edge,0,0.7037847429728492,1.0,0.6699582708060721,0.6,0.7450000000000001,0.7416878399044268,0,1.8115,1-D,20,20,0,530.265,530.48,37.7017
3,9300,dci_gated,24,edge,0,0.8669403007611096,1.0,0.8249898218973224,0.8333333333333333,0.7852564102564104,0.8661881677748701,0,1.8095,1-D,20,20,0,438.015,438.242,45.6369
4,9400,dci_gated,1,edge,0,0.7593571611647671,1.0,0.7427707771203448,0.7,0.6626923076923078,0.777797291869107,0,,5-D,20,20,0,581.225,581.428,34.3981
4,9400,dci_gated,2,edge,0,0.863582117928692,1.0,0.47902359745565637,0.875,0.8475641025641026,0.8138348643579196,0,,5-D,20,20,0,346.332,346.696,57.6874
4,9400,dci_gated,3,edge,0,0.7643296512767884,1.0,0.6486149994907953,0.7,0.6937179487179488,0.7648631050250485,0,1.5641,1-D,20,20,0,399.667,399.94,50.0075
4,9400,dci_gated,4,edge,0,0.744039871145453,1.0,0.4647447548978205,0.7,0.6524358974358975,0.716824303381312,1,1.9707,1-D,20,20,0,441.034,441.339,45.3166
4,9400,dci_gated,5,geo,1,0.5067067993269458,1.0,0.031530264136603314,0.325,0.7606410256410258,0.512078906505211,1,1.2213,1-D,20,20,0,6811.364,6811.854,2.9361
4,9400,dci_gated,6,geo,0,0.8234893318690265,1.0,0.7795482586675891,0.75,0.7191025641025641,0.8196473693161592,0,1.2441,1-D,20,20,0,3463.628,3464.026,5.7736
4,9400,dci_gated,7,geo,0,0.8314197590867656,1.0,0.8746737234739219,0.75,0.6525641025641027,0.8306742998510912,0,1.3129,1-D,20,20,0,1807.83,1808.19,11.0608
4,9400,dci_gated,8,geo,0,0.7864770209080968,1.0,0.6237803953684338,0.7,0.7080769230769232,0.7675868727622495,0,1.3187,1-D,20,20,0,2907.318,2907.699,6.8783
4,9400,dci_gated,9,geo,1,0.8361768112946512,0.4166666666666667,0.6162120199955653,0.9,0.7955128205128206,0.7149468632330322,1,2.0594,1-D,48,48,0,3565.45,3566.251,13.4595
4,9400,dci_gated,10,geo,0,0.9171613540597655,1.0,0.6699730375936412,1.0,0.7393972403776325,0.8741945320903146,0,2.1352,1-D,48,48,0,2396.839,2397.601,20.02
4,9400,dci_gated,11,geo,0,0.8835611234595582,1.0,0.6774503444471558,0.8166666666666667,0.7945533769063181,0.8388966896236018,0,2.1517,1-D,48,48,0,5188.613,5189.406,9.2496
4,9400,dci_gated,12,geo,0,0.8974957515831579,1.0,0.8304959638479036,0.8166666666666667,0.7118010167029775,0.8605766165041502,0,2.1511,1-D,48,48,0,3114.049,3114.864,15.41
4,9400,dci_gated,13,review,1,0.47280131636221523,1.0,0.03983863260082188,0.48333333333333334,0.6982207697893972,0.5275678377457944,0,1.7334,1-D,48,48,0,22462.19,22462.995,2.1368
4,9400,dci_gated,14,review,0,0.8587157137027586,1.0,0.8024431918718281,0.8444444444444444,0.8270515613652869,0.8681141898937372,0,1.7338,1-D,48,48,0,10934.468,10935.225,4.3895
4,9400,dci_gated,15,review,0,0.9783970943350327,1.0,0.8309576667550429,1.0,0.6871096586782861,0.9138572557365096,0,1.7335,1-D,48,48,0,10034.989,10035.716,4.7829
4,9400,dci_gated,16,review,0,0.9504470639856402,1.0,0.8312605804577103,1.0,0.7770515613652869,0.9204216162927452,0,1.7194,1-D,48,48,0,9452.195,9452.904,5.0778
4,9400,dci_gated,17,review,1,0.8277425485955304,0.4166666666666667,0.6902260905291018,0.8,0.7023076923076924,0.6936603424341902,1,2.0407,1-D,20,20,0,4642.996,4643.305,4.3073
4,9400,dci_gated,18,review,0,0.929136157772559,1.0,0.594630056478412,1.0,0.7371794871794872,0.8617869738157453,0,2.1147,1-D,20,20,0,715.555,715.781,27.9415
4,9400,dci_gated,19,review,0,0.7666769481855499,1.0,0.6022693342810326,0.8,0.7538461538461539,0.7852000269795171,0,2.1136,1-D,20,20,0,342.892,343.098,58.2925
4,9400,dci_gated,20,review,0,0.8817030191313457,1.0,0.6971788830652789,1.0,0.7801282051282051,0.8768807621651231,0,2.1389,1-D,20,20,0,370.043,370.263,54.0157
4,9400,dci_gated,21,edge,1,0.5316237356496294,1.0,0.05007549676067502,0.3909090909090909,0.6306410256410258,0.5156990052925144,0,1.8663,1-D,20,20,0,467.997,468.255,42.7118
4,9400,dci_gated,22,edge,0,0.792886813871965,1.0,0.6828826538796757,0.75,0.8237179487179488,0.8083559265516187,0,1.8724,1-D,20,20,0,214.199,214.406,93.2811
4,9400,dci_gated,23,edge,0,0.8548515779726948,1.0,0.8125826881817946,0.875,0.8002564102564103,0.8712678936679943,0,1.8668,1-D,20,20,0,365.0,365.225,54.7608
4,9400,dci_gated,24,edge,0,0.9723372271911159,1.0,0.4633919887390051,1.0,0.8138461538461539,0.8578396276225032,0,1.975,1-D,20,20,0,226.027,226.385,88.345
5,9500,dci_gated,1,edge,0,0.864519507751577,1.0,0.7463667751642247,0.875,0.8341025641025641,0.8655186165861238,0,,5-D,20,20,0,200.682,200.95,99.5273
5,9500,dci_gated,2,edge,0,0.7902447472442267,1.0,0.6326801330135639,0.75,0.8591025641025641,0.8029625980291542,0,,5-D,20,20,0,608.589,608.824,32.8502
5,9500,dci_gated,3,edge,0,0.7172850788062028,1.0,0.5572691833504877,0.75,0.7256410256410257,0.7496212602178021,1,1.7572,1-D,20,20,0,147.119,147.456,135.6341
5,9500,dci_gated,4,edge,0,0.789514148439521,1.0,0.6725013284265877,0.9,0.8324358974358975,0.8367441874105825,1,2.244,1-D,20,20,0,400.774,401.083,49.865
5,9500,dci_gated,5,geo,1,0.5850749309097627,1.0,0.11342689967295372,0.6428571428571428,0.6587179487179488,0.5963332335411523,1,1.1703,1-D,20,20,0,5017.058,5017.484,3.9861
5,9500,dci_gated,6,geo,0,0.7214055714474101,1.0,0.6200721761839543,0.5333333333333333,0.7723076923076924,0.7268786486114639,1,1.3832,1-D,20,20,0,6702.599,6703.037,2.9837
5,9500,dci_gated,7,geo,0,0.7857273614646951,1.0,0.6654872010720294,0.75,0.7456410256410256,0.7913754344267335,0,1.3868,1-D,20,20,0,1921.626,1921.97,10.406
5,9500,dci_gated,8,geo,0,0.775072520883384,1.0,0.5086507900458348,0.7166666666666667,0.5852564102564103,0.7266200831018078,0,1.4273,1-D,20,20,0,3982.061,3982.432,5.0221
5,9500,dci_gated,9,geo,1,0.8837502027292349,0.4166666666666667,0.6900943356853522,0.9,0.6155128205128205,0.7146166742296356,1,2.3761,1-D,48,48,0,4343.119,4344.034,11.0496
5,9500,dci_gated,10,geo,0,0.9456576974008276,1.0,0.7840557167646001,1.0,0.7959331880900509,0.9126155459166346,0,2.4054,1-D,48,48,0,5972.105,5972.952,8.0362
5,9500,dci_gated,11,geo,0,0.9439632055814009,1.0,0.8388496469938369,1.0,0.8570806100217866,0.9323228222973856,0,2.3584,1-D,48,48,0,4075.643,4076.492,11.7748
5,9500,dci_gated,12,geo,0,0.9558573410986753,1.0,0.8038497482401483,1.0,0.6788671023965143,0.9015643502821756,0,2.3823,1-D,48,48,0,2288.842,2289.714,20.9633
5,9500,dci_gated,13,review,1,0.5221199496151685,1.0,0.019817119608030676,0.525,0.6194262890341322,0.5324073546805181,0,1.8448,1-D,48,48,0,19990.864,19991.577,2.401
5,9500,dci_gated,14,review,0,0.8325748143926834,1.0,0.7474272458244718,0.8,0.675199709513435,0.8189091091900805,0,1.8594,1-D,48,48,0,9427.637,9428.336,5.091
5,9500,dci_gated,15,review,0,0.8363909670864877,1.0,0.6066603142507677,0.788888888888889,0.7819898329702252,0.8055060573450871,0,1.8663,1-D,48,48,0,10952.5,10953.261,4.3823
5,9500,dci_gated,16,review,0,0.8650383166325732,1.0,0.7544015883174868,0.8888888888888888,0.70439360929557,0.850576715993754,0,1.8728,1-D,48,48,0,12110.049,12110.775,3.9634
5,9500,dci_gated,17,review,1,0.7671808063098033,0.4166666666666667,0.5959998806009389,0.5444444444444444,0.8035897435897437,0.6237558614583223,1,2.24,1-D,20,20,0,5869.859,5870.215,3.407
5,9500,dci_gated,18,review,0,0.7780863882762077,1.0,0.6411323994123085,0.5694444444444444,0.7121794871794872,0.7434638889173256,0,2.2728,1-D,20,20,0,528.454,528.682,37.8299
5,9500,dci_gated,19,review,0,0.8783576137343286,1.0,0.6140086811301926,0.9,0.880897435897436,0.8545257550442361,0,2.3304,1-D,20,20,0,448.614,448.816,44.5617
5,9500,dci_gated,20,review,0,0.8968307720161979,1.0,0.6330439351654908,1.0,0.6761538461538462,0.8522395569602247,0,2.4033,1-D,20,20,0,506.804,507.022,39.446
5,9500,dci_gated,21,edge,1,0.5717205324745577,1.0,0.07272648983808272,0.49090909090909096,0.7143589743589744,0.5628110954219203,0,2.0987,1-D,20,20,0,368.011,368.302,54.3033
5,9500,dci_gated,22,edge,0,0.7825763639640568,1.0,0.7255637027775249,0.75,0.8093589743589744,0.8121606777003654,0,2.1075,1-D,20,20,0,382.179,382.501,52.2874
5,9500,dci_gated,23,edge,0,1.0,1.0,0.8841972082657792,1.0,0.7048717948717949,0.9325702108839251,0,2.0837,1-D,20,20,0,231.828,232.151,86.1508
5,9500,dci_gated,24,edge,0,0.745470912970136,1.0,0.8553358190562573,0.625,0.7621794871794872,0.7967618151307085,0,2.1496,1-D,20,20,0,304.178,304.46,65.6901
6,9600,dci_gated,1,edge,0,0.8242298034425207,1.0,0.4844001481663822,0.9,0.731923076923077,0.7927259420323682,0,,5-D,20,20,0,339.672,339.968,58.8291
6,9600,dci_gated,2,edge,0,0.8022150719256483,1.0,0.7858003334571927,0.8,0.8228205128205129,0.8411369115959276,0,,5-D,20,20,0,346.353,346.642,57.6964
6,9600,dci_gated,3,edge,0,0.7476204053962694,1.0,0.726108570240263,0.7,0.8687179487179487,0.8024345077048123,1,1.5536,1-D,20,20,0,312.994,313.368,63.8226
6,9600,dci_gated,4,edge,0,0.6967047823475951,1.0,0.7569970515426727,0.6,0.591025641025641,0.7342294520492795,1,2.1424,1-D,20,20,0,177.982,178.307,112.1663
6,9600,dci_gated,5,geo,1,0.5402631639818029,1.0,0.03924324324445061,0.2625,0.6370512820512821,0.49097213195203315,1,1.3554,1-D,20,20,0,7063.487,7063.962,2.8313
6,9600,dci_gated,6,geo,0,0.7997539015386761,1.0,0.6674534376096448,0.75,0.7778205128205129,0.800102239829675,0,1.3579,1-D,20,20,0,2713.445,2713.844,7.3696
6,9600,dci_gated,7,geo,0,0.8447358553785114,1.0,0.6123609108865542,0.8333333333333333,0.7375641025641027,0.8109574280732207,0,1.3756,1-D,20,20,0,1677.65,1677.975,11.9191
6,9600,dci_gated,8,geo,0,0.7812030903093062,1.0,0.5033492819847254,0.7166666666666667,0.7617948717948718,0.7535731930768358,0,1.3708,1-D,20,20,0,695.541,695.834,28.7425
6,9600,dci_gated,9,geo,1,0.9174935523182667,0.4166666666666667,0.5252732587456952,1.0,0.8020512820512821,0.7380690654697314,1,2.1579,1-D,48,48,0,3193.331,3194.178,15.0273
6,9600,dci_gated,10,geo,0,0.8924822236199339,1.0,0.6823686629771712,0.9,0.8266884531590415,0.8635975564742739,0,2.1804,1-D,48,48,0,3469.466,3470.328,13.8315
6,9600,dci_gated,11,geo,0,0.8707423392257185,1.0,0.787139351892987,0.9,0.8143064633260713,0.8772594246839377,0,2.1631,1-D,48,48,0,6821.83,6822.664,7.0354
6,9600,dci_gated,12,geo,0,0.9518264904400893,1.0,0.7875806604458119,1.0,0.7857298474945534,0.9133322318233676,0,2.1377,1-D,48,48,0,2644.662,2645.498,18.144
6,9600,dci_gated,13,review,1,0.48327020957142464,1.0,0.04424246822222522,0.48333333333333334,0.6731299927378359,0.5273022116146433,0,1.7978,1-D,48,48,0,21891.878,21892.635,2.1925
6,9600,dci_gated,14,review,0,0.898817838525643,1.0,0.8655480287904587,0.8444444444444444,0.8263979665940451,0.8906626492674982,0,1.7906,1-D,48,48,0,14101.081,14101.899,3.4038
6,9600,dci_gated,15,review,0,0.8851079969233594,1.0,0.6656370370202491,0.8444444444444444,0.732570806100218,0.8331789164388113,0,1.801,1-D,48,48,0,11558.27,11558.999,4.1526
6,9600,dci_gated,16,review,0,0.8334403730414699,1.0,0.6411565599280551,0.7444444444444445,0.7567175018155411,0.7989879194071986,0,1.8031,1-D,48,48,0,13815.994,13816.806,3.474
6,9600,dci_gated,17,review,1,0.9558797234887949,0.4166666666666667,0.7374051091267191,1.0,0.8052564102564103,0.7905727475693374,1,2.0697,1-D,20,20,0,6331.132,6331.479,3.1588
6,9600,dci_gated,18,review,0,0.8326005793274337,1.0,0.7549845717912819,0.875,0.5542307692307692,0.8172816745747302,0,2.1357,1-D,20,20,0,345.399,345.619,57.8672
6,9600,dci_gated,19,review,0,0.7392601227269242,1.0,0.5588060865348642,0.6444444444444444,0.581025641025641,0.7126189830314389,0,2.1392,1-D,20,20,0,323.258,323.463,61.831
6,9600,dci_gated,20,review,0,0.8224049933221989,1.0,0.6340162445106861,0.875,0.626923076923077,0.8014429587711485,0,2.1731,1-D,20,20,0,313.938,314.129,63.6681
6,9600,dci_gated,21,edge,1,0.45419734258208777,1.0,0.011554551260280377,0.24545454545454548,0.7834615384615384,0.48247038575771795,0,1.8559,1-D,20,20,0,200.243,200.562,99.7199
6,9600,dci_gated,22,edge,0,0.7438792581930072,1.0,0.7336301291966982,0.8,0.6456410256410257,0.7895419942337453,0,1.8729,1-D,20,20,0,274.853,275.141,72.6901
6,9600,dci_gated,23,edge,0,0.7358033788062359,1.0,0.6837004968147629,0.8,0.703846153846154,0.7862678671414347,0,1.879,1-D,20,20,0,346.952,347.271,57.5918
6,9600,dci_gated,24,edge,0,0.9768721520188449,1.0,0.7375954787806139,1.0,0.7291025641025641,0.9011025183762187,0,1.89,1-D,20,20,0,574.588,574.867,34.7907
7,9700,dci_gated,1,edge,0,0.8104118170377956,1.0,0.7781655452093403,0.8,0.6905128205128206,0.8218129863782402,0,,5-D,20,20,0,284.287,284.628,70.2672
7,9700,dci_gated,2,edge,0,0.7964089930293148,1.0,0.5906755030697541,0.8,0.7356410256410257,0.7875835027174335,0,,5-D,20,20,0,578.258,578.583,34.5672
7,9700,dci_gated,3,edge,0,0.7543515693752605,1.0,0.48127557598074955,0.7,0.7603846153846154,0.7389006998476573,1,1.2099,1-D,20,20,0,211.222,211.488,94.568
7,9700,dci_gated,4,edge,0,0.806470447561239,1.0,0.5335684912169671,0.8,0.8015384615384615,0.7885620793644725,0,1.229,1-D,20,20,0,662.167,662.413,30.1926
7,9700,dci_gated,5,geo,1,0.4940941546075057,1.0,0.035464963982166364,0.3625,0.7328205128205129,0.5130396083713866,1,1.0591,1-D,20,20,0,6533.361,6533.825,3.061
7,9700,dci_gated,6,geo,0,0.7944497799358726,1.0,0.6648351263590215,0.6666666666666667,0.7167948717948718,0.7724320343583366,0,1.087,1-D,20,20,0,2737.22,2737.598,7.3057
7,9700,dci_gated,7,geo,0,0.794250792615972,1.0,0.6796382512479653,0.75,0.7873076923076923,0.8025865022497399,0,1.0927,1-D,20,20,0,3367.411,3367.833,5.9385
7,9700,dci_gated,8,geo,0,0.7290263579905006,1.0,0.7151370854573854,0.5166666666666667,0.7157692307692308,0.7359827245378202,1,1.2386,1-D,20,20,0,942.256,942.649,21.2168
7,9700,dci_gated,9,geo,1,0.8711972998030002,0.4166666666666667,0.8382084743444871,0.875,0.7920512820512822,0.7625820454606732,1,1.9029,1-D,48,48,0,3311.884,3312.773,14.4894
7,9700,dci_gated,10,geo,0,0.8754749309903205,1.0,0.8873530206588818,0.8166666666666667,0.827923021060276,0.8838611233717312,0,1.9145,1-D,48,48,0,3872.017,3872.951,12.3936
7,9700,dci_gated,11,geo,0,0.9386178677946473,1.0,0.7329197842013659,1.0,0.8281045751633987,0.9054541100634448,0,1.9522,1-D,48,48,0,5239.176,5240.036,9.1602
7,9700,dci_gated,12,geo,0,0.9683385552013539,1.0,0.7996992725518204,1.0,0.7210602759622369,0.9101835347050381,0,1.9422,1-D,48,48,0,3487.934,3488.832,13.7582
7,9700,dci_gated,13,review,1,0.5061854893852287,1.0,0.04040550964591538,0.625,0.839760348583878,0.585591526563072,0,1.7342,1-D,48,48,0,20604.739,20605.492,2.3295
7,9700,dci_gated,14,review,0,0.8336182848304479,1.0,0.7503395942522031,0.7444444444444445,0.7014887436456064,0.8125846904937825,0,1.7474,1-D,48,48,0,16801.574,16802.438,2.8567
7,9700,dci_gated,15,review,0,0.8451552943201531,1.0,0.7122585192786548,0.7444444444444445,0.8128177196804648,0.8245520742767277,0,1.7601,1-D,48,48,0,11118.777,11119.467,4.3168
7,9700,dci_gated,16,review,0,0.9567505586853058,1.0,0.8381178867135953,1.0,0.8386710239651417,0.9326118706088168,0,1.7551,1-D,48,48,0,12182.268,12183.027,3.9399
7,9700,dci_gated,17,review,1,0.8020791595195979,0.4166666666666667,0.6389853905207313,0.6444444444444444,0.7988461538461539,0.660366013283191,1,2.0973,1-D,20,20,0,6360.098,6360.467,3.1444
7,9700,dci_gated,18,review,0,0.7816361626303527,1.0,0.7570346710163475,0.6944444444444444,0.627051282051282,0.7797625560574388,0,2.1443,1-D,20,20,0,346.289,346.527,57.7156
7,9700,dci_gated,19,review,0,0.7968654883871352,1.0,0.575311612653411,0.875,0.6625641025641027,0.7886633100120815,0,2.1778,1-D,20,20,0,590.876,591.081,33.8363
7,9700,dci_gated,20,review,0,0.751555214581672,1.0,0.4517474004628875,0.6944444444444444,0.7816666666666667,0.7343771726268843,0,2.1437,1-D,20,20,0,428.868,429.053,46.6142
7,9700,dci_gated,21,edge,1,0.4990906393715133,1.0,0.05385271451739193,0.24545454545454548,0.7535897435897436,0.49767257337572735,0,1.8307,1-D,20,20,0,390.883,391.224,51.1216
7,9700,dci_gated,22,edge,0,0.8236899985947335,1.0,0.7026620420633929,0.75,0.6301282051282052,0.7909741388305928,0,1.8489,1-D,20,20,0,204.684,204.982,97.5695
7,9700,dci_gated,23,edge,0,0.7172252505705743,1.0,0.5624542957990175,0.625,0.6889743589743591,0.720143325648601,0,1.841,1-D,20,20,0,532.744,533.003,37.5232
7,9700,dci_gated,24,edge,0,0.7734444030101522,1.0,0.6225192758648004,0.75,0.7357692307692308,0.7782303405408828,0,1.8385,1-D,20,20,0,495.84,496.127,40.3123
8,9800,dci_gated,1,edge,0,0.7810394116280487,1.0,0.42059446180926674,0.8,0.6437179487179487,0.7359364375765578,0,,5-D,20,20,0,376.136,376.469,53.1252
8,9800,dci_gated,2,edge,0,0.8064627148221108,1.0,0.6815209641479509,0.8,0.6487179487179487,0.7952275638428102,0,,5-D,20,20,0,514.835,515.138,38.8245
8,9800,dci_gated,3,edge,0,0.7600647655969859,1.0,0.7008876180491559,0.7,0.9010256410256411,0.8053475611629238,1,1.7103,1-D,20,20,0,239.745,240.07,83.3091
8,9800,dci_gated,4,edge,0,0.710329517429183,1.0,0.6263024624217899,0.6,0.675,0.7240928718416537,0,2.2681,1-D,20,20,0,625.964,626.252,31.936
8,9800,dci_gated,5,geo,1,0.458735677018674,1.0,0.00664311953493435,0.3125,0.6907692307692308,0.48212792777704,1,1.214,1-D,20,20,0,6080.737,6081.228,3.2888
8,9800,dci_gated,6,geo,0,0.7647992603504498,1.0,0.6608204758534444,0.6166666666666667,0.5856410256410257,0.7345433974377886,1,1.2964,1-D,20,20,0,5155.195,5155.584,3.8793
8,9800,dci_gated,7,geo,0,0.725686754829461,1.0,0.664015223870011,0.6166666666666667,0.7957692307692308,0.7569234514300853,0,1.3334,1-D,20,20,0,1164.056,1164.436,17.1757
8,9800,dci_gated,8,geo,0,0.8232397718809609,1.0,0.637000296464404,0.9166666666666667,0.7607692307692309,0.830658720211839,0,1.3654,1-D,20,20,0,1547.987,1548.35,12.917
8,9800,dci_gated,9,geo,1,0.8272494313863823,0.4166666666666667,0.8348399954538779,0.8,0.8125641025641026,0.73899830565532,1,2.0243,1-D,48,48,0,4681.36,4682.225,10.2515
8,9800,dci_gated,10,geo,0,0.9411311328814607,1.0,0.793712751452351,1.0,0.780319535221496,0.9110732637940597,0,2.0002,1-D,48,48,0,2423.596,2424.4,19.7987
8,9800,dci_gated,11,geo,0,0.923800600000479,1.0,0.7388931868940275,1.0,0.789760348583878,0.897192839666507,0,2.0042,1-D,48,48,0,3137.346,3138.288,15.295
8,9800,dci_gated,12,geo,0,0.8792419386746841,1.0,0.8439721679624719,0.9,0.8359840232389253,0.8940025217470042,0,1.9811,1-D,48,48,0,3445.585,3446.476,13.9273
8,9800,dci_gated,13,review,1,0.4792423036215758,1.0,0.020133508525860266,0.525,0.6379811183732753,0.5245344453665572,0,1.6905,1-D,48,48,0,22980.338,22981.147,2.0887
8,9800,dci_gated,14,review,0,0.9328084670114306,1.0,0.7226154942055774,1.0,0.837363834422658,0.9033297907573719,0,1.7131,1-D,48,48,0,12817.676,12818.423,3.7446
8,9800,dci_gated,15,review,0,0.9516362465749557,1.0,0.8330113101217389,1.0,0.7681554103122731,0.9197346352149277,0,1.6973,1-D,48,48,0,13914.297,13915.031,3.4495
8,9800,dci_gated,16,review,0,0.9341547344075578,1.0,0.672669504103242,1.0,0.7617283950617285,0.8823318436817971,0,1.7305,1-D,48,48,0,11973.426,11974.259,4.0086
8,9800,dci_gated,17,review,1,0.8644421858477301,0.4166666666666667,0.7852601643638266,0.9,0.8025641025641026,0.7568805280526467,1,2.0096,1-D,20,20,0,5437.422,5437.753,3.678
8,9800,dci_gated,18,review,0,0.8703160797784246,1.0,0.64325498663712,0.9,0.7521794871794872,0.8390569403489533,0,2.0249,1-D,20,20,0,463.67,463.891,43.1136
8,9800,dci_gated,19,review,0,0.7966775213346313,1.0,0.49229820289590687,0.9,0.7723076923076924,0.7934751747589931,0,2.0667,1-D,20,20,0,358.618,358.798,55.7416
8,9800,dci_gated,20,review,0,0.6982960462154431,1.0,0.4052567674823171,0.7,0.6688461538461539,0.6959522881272472,0,2.0289,1-D,20,20,0,399.898,400.087,49.9891
8,9800,dci_gated,21,edge,1,0.5411671272388421,1.0,0.03701852928482363,0.4242424242424242,0.7601282051282052,0.5415632032843909,0,1.8236,1-D,20,20,0,380.556,380.79,52.5224
8,9800,dci_gated,22,edge,0,0.9660695034656368,1.0,0.6084503784726316,1.0,0.8171794871794873,0.8857843746378586,0,1.8729,1-D,20,20,0,457.872,458.175,43.6515
8,9800,dci_gated,23,edge,0,0.7404332889101914,1.0,0.6602182151803884,0.625,0.8487179487179488,0.769459657571318,0,1.8918,1-D,20,20,0,231.644,231.876,86.2529
8,9800,dci_gated,24,edge,0,0.7885776742329912,1.0,0.786657617787394,0.75,0.8367948717948719,0.8299951728849574,0,1.9054,1-D,20,20,0,256.647,256.907,77.8492
9,9900,dci_gated,1,edge,0,0.7899928100942524,1.0,0.7183851949209066,0.8,0.7992307692307693,0.8210598568923598,0,,5-D,20,20,0,257.038,257.266,77.7406
9,9900,dci_gated,2,edge,0,0.8681105249887477,1.0,0.8035930635714348,0.875,0.748974358974359,0.8650923978076278,0,,5-D,20,20,0,416.964,417.23,47.9352
9,9900,dci_gated,3,edge,0,0.8418797110648528,1.0,0.8062770871341625,0.875,0.7926923076923077,0.865629191346892,0,1.2071,1-D,20,20,0,225.626,225.884,88.541
9,9900,dci_gated,4,edge,0,0.9719411231967315,1.0,0.7140426141281939,1.0,0.8124358974358975,0.9076591882402064,1,1.4655,1-D,20,20,0,429.883,430.166,46.4936
9,9900,dci_gated,5,geo,1,0.5256073646181891,1.0,0.03449739195665358,0.2625,0.8021794871794873,0.5111282426228011,1,1.0885,1-D,20,20,0,6679.123,6679.547,2.9942
9,9900,dci_gated,6,geo,0,0.8062765852235149,1.0,0.762426581248315,0.775,0.7206410256410257,0.8171506164016956,0,1.1019,1-D,20,20,0,4045.599,4045.994,4.9432
9,9900,dci_gated,7,geo,0,0.8517111821011689,1.0,0.8086748427798263,0.9,0.7292307692307692,0.864047379465873,0,1.1009,1-D,20,20,0,2407.613,2408.012,8.3056
9,9900,dci_gated,8,geo,0,0.8155354962831711,1.0,0.6671172830718961,0.7166666666666667,0.7456410256410257,0.7924868178646591,0,1.1075,1-D,20,20,0,2269.194,2269.564,8.8123
9,9900,dci_gated,9,geo,1,0.9374965440530234,0.4166666666666667,0.6935979418813649,1.0,0.8228205128205129,0.7798501346459391,1,1.7731,1-D,48,48,0,4085.455,4086.34,11.7465
9,9900,dci_gated,10,geo,0,0.9480363827559589,1.0,0.8150964078534886,1.0,0.6857298474945535,0.9028878543838704,0,1.7588,1-D,48,48,0,5653.756,5654.576,8.4887
9,9900,dci_gated,11,geo,0,0.8665166471838115,1.0,0.7582889868508135,0.9,0.7305010893246188,0.8578621225648084,0,1.7526,1-D,48,48,0,2926.356,2927.234,16.3977
9,9900,dci_gated,12,geo,0,0.8410333098748367,1.0,0.6298321651677594,0.9,0.8287218591140161,0.8405330393693635,0,1.7935,1-D,48,48,0,4469.735,4470.581,10.7369
9,9900,dci_gated,13,review,1,0.5169170258450122,1.0,0.06588533079560532,0.625,0.6358750907770516,0.5627875862369318,0,1.7196,1-D,48,48,0,24146.699,24147.478,1.9878
9,9900,dci_gated,14,review,0,0.868530500519997,1.0,0.7099936638302156,0.9,0.6603848946986202,0.8381890921008355,0,1.7408,1-D,48,48,0,13240.164,13240.855,3.6251
9,9900,dci_gated,15,review,0,0.8593096819404304,1.0,0.6504250357190469,0.9,0.7202977487291213,0.8329570899382852,0,1.7606,1-D,48,48,0,7401.484,7402.118,6.4846
9,9900,dci_gated,16,review,0,0.9319578314199887,1.0,0.7458197426185814,1.0,0.8056281771968047,0.9029976329582341,0,1.7746,1-D,48,48,0,11479.684,11480.372,4.181
9,9900,dci_gated,17,review,1,0.818554205532121,0.4166666666666667,0.5200327112260246,0.7333333333333334,0.8471794871794873,0.6657220167051583,1,2.1005,1-D,20,20,0,4214.024,4214.326,4.7457
9,9900,dci_gated,18,review,0,0.7934850183272883,1.0,0.3517034759755837,0.75,0.6907692307692308,0.7223273343923236,0,2.1069,1-D,20,20,0,3039.391,3039.669,6.5797
9,9900,dci_gated,19,review,0,0.7411076662334279,1.0,0.7080633218344963,0.5444444444444444,0.8150000000000001,0.7580284698141452,0,2.1652,1-D,20,20,0,1402.426,1402.642,14.2588
9,9900,dci_gated,20,review,0,0.859270949324524,1.0,0.6622892555683528,0.7777777777777777,0.7220512820512821,0.8111388363080495,0,2.1718,1-D,20,20,0,1410.922,1411.161,14.1727
9,9900,dci_gated,21,edge,1,0.46395635566057547,1.0,0.0054558279672626275,0.14545454545454545,0.7423076923076924,0.4575173174456594,0,1.7867,1-D,20,20,0,107.236,107.573,185.9211
9,9900,dci_gated,22,edge,0,0.677496965455326,1.0,0.7638651510987764,0.6,0.8824358974358975,0.7745126561989715,0,1.8395,1-D,20,20,0,302.629,302.935,66.0207
9,9900,dci_gated,23,edge,0,0.7007276330772962,1.0,0.6508020140409831,0.6666666666666666,0.8355128205128206,0.7640025674877771,0,1.8466,1-D,20,20,0,372.723,373.044,53.613
9,9900,dci_gated,24,edge,0,0.7355960251316633,1.0,0.7339342133590332,0.625,0.8139743589743591,0.7777820028008764,0,1.8684,1-D,20,20,0,239.439,239.697,83.4386
