block,block_seed,strategy,window,phase,drift_truth,S_R,S_V,S_T,S_A,S_P,HSM,invoked,gate_dci,gate_regime,gate_R4s,gate_audit,det_ms,features_used,sp_out_of_band,n_queries,n_ok,exec_ms_window_sum,wall_ms_window,qps_window,sf
1,7200,dci_gated,1,CtrSteady,0,0.922719,1.0,0.724001,1.0,0.797436,0.895095,0,1.0,cheap,1.0,0,3.55,cheap,1,20,20,4819.789,5606.996,3.567,1.0
1,7200,dci_gated,2,CtrSteady,0,0.881008,1.0,0.556544,1.0,0.862051,0.860868,0,1.981,cheap,1.0,0,1.9094,cheap,1,20,20,3104.174,3578.491,5.5889,1.0
1,7200,dci_gated,3,CtrSteady,0,0.891436,1.0,0.514298,1.0,0.792308,0.844565,0,1.6592,cheap,1.0,0,1.7479,cheap,1,20,20,5429.797,6059.166,3.3008,1.0
1,7200,dci_gated,4,CtrSteady,0,0.950074,1.0,0.763089,1.0,0.740513,0.901213,0,1.9997,cheap,1.0,0,1.7937,cheap,1,20,20,4369.322,4898.487,4.0829,1.0
1,7200,dci_gated,5,CtrSteady,0,0.952013,1.0,0.823815,1.0,0.672179,0.903593,0,1.7198,cheap,1.0,0,1.5774,cheap,1,20,20,5070.945,5679.938,3.5212,1.0
1,7200,dci_gated,6,CtrSteady,0,0.951991,1.0,0.729697,1.0,0.735897,0.894322,0,1.6524,cheap,1.0,0,1.7397,cheap,1,20,20,4505.718,4932.632,4.0546,1.0
1,7200,dci_gated,7,CtrSteady,0,0.881008,1.0,0.579496,1.0,0.769103,0.851516,0,1.7906,cheap,1.0,0,1.692,cheap,1,20,20,4021.07,4607.554,4.3407,1.0
1,7200,dci_gated,8,CtrSteady,0,0.942861,1.0,0.759256,1.0,0.764103,0.902182,0,1.6913,cheap,1.0,0,1.6333,cheap,1,20,20,4350.318,4759.942,4.2017,1.0
1,7200,dci_gated,9,CtrSteady,0,0.927836,1.0,0.724101,1.0,0.748846,0.889106,0,1.6565,cheap,1.0,0,1.7612,cheap,1,20,20,4501.824,4865.099,4.1109,1.0
1,7200,dci_gated,10,CtrSteady,0,0.951982,1.0,0.721029,1.0,0.737051,0.892759,0,1.6052,cheap,1.0,0,1.7272,cheap,1,20,20,5356.27,5766.35,3.4684,1.0
1,7200,dci_gated,11,CtrSteady,0,0.933539,1.0,0.7368,1.0,0.795897,0.900129,0,1.5611,cheap,1.0,0,3.109,cheap,1,20,20,5649.262,6082.06,3.2884,1.0
1,7200,dci_gated,12,CtrSteady,0,0.939556,1.0,0.759256,1.0,0.645128,0.88351,0,1.5072,cheap,1.0,0,1.7261,cheap,1,20,20,4831.713,5284.476,3.7847,1.0
1,7200,dci_gated,13,CtrHold06,1,0.91549,1.0,0.654611,1.0,0.635897,0.855179,0,1.5298,cheap,1.0,0,1.7658,cheap,1,20,20,4084.097,4741.066,4.2185,1.0
1,7200,dci_gated,14,CtrHold06,0,0.698129,1.0,0.495938,1.0,0.669615,0.774162,1,1.6676,cheap,0.0899,0,1.7959,cheap,1,20,20,4949.005,5551.673,3.6025,1.0
1,7200,dci_gated,15,CtrHold06,0,0.690076,1.0,0.540687,0.880952,0.626923,0.750885,1,1.4672,cheap,0.1624,0,2.989,cheap,1,20,20,4124.206,4669.729,4.2829,1.0
1,7200,dci_gated,16,CtrHold06,0,0.950238,1.0,0.848179,1.0,0.775897,0.92358,0,1.4851,cheap,0.1645,0,2.9857,cheap,1,20,20,4422.672,5056.179,3.9556,1.0
1,7200,dci_gated,17,CtrHold06,0,0.831511,1.0,0.789435,0.880952,0.689359,0.845359,0,1.5949,cheap,0.1639,0,1.6167,cheap,1,20,20,4232.485,4815.601,4.1532,1.0
1,7200,dci_gated,18,CtrHold06,0,0.839904,1.0,0.858225,1.0,0.61859,0.874409,0,1.7549,cheap,0.1285,0,1.6412,cheap,1,20,20,4813.743,5442.604,3.6747,1.0
1,7200,dci_gated,19,CtrHold06,0,0.885301,1.0,0.772896,1.0,0.704231,0.881539,0,1.8015,cheap,0.1182,0,1.7142,cheap,1,20,20,4509.778,5057.619,3.9544,1.0
1,7200,dci_gated,20,CtrHold06,0,0.769587,1.0,0.690019,0.880952,0.835641,0.831937,0,1.7665,cheap,0.1314,0,1.6132,cheap,1,20,20,4955.768,5407.338,3.6987,1.0
1,7200,dci_gated,21,CtrHold06,0,0.91299,1.0,0.583191,1.0,0.817308,0.867482,0,1.7948,cheap,0.1287,0,1.5703,cheap,1,20,20,4712.262,5353.583,3.7358,1.0
1,7200,dci_gated,22,CtrHold06,0,0.695243,1.0,0.601342,0.880952,0.713718,0.777327,1,1.6304,cheap,0.1533,0,3.1975,cheap,1,20,20,4623.07,5176.57,3.8636,1.0
1,7200,dci_gated,23,CtrHold06,0,0.745958,1.0,0.674782,1.0,0.777564,0.838081,1,1.6486,cheap,0.1342,0,2.743,cheap,1,20,20,4626.226,5318.252,3.7606,1.0
1,7200,dci_gated,24,CtrHold06,0,0.898682,1.0,0.652948,1.0,0.758846,0.869087,0,1.6611,cheap,0.1319,0,3.019,cheap,1,20,20,4583.771,5034.884,3.9723,1.0
2,7300,dci_gated,1,CtrSteady,0,0.922792,1.0,0.57494,1.0,0.737179,0.856263,0,1.0,cheap,1.0,0,3.0345,cheap,1,20,20,4598.294,5155.67,3.8792,1.0
2,7300,dci_gated,2,CtrSteady,0,0.95406,1.0,0.840968,1.0,0.782308,0.924055,0,1.5802,cheap,1.0,0,1.7332,cheap,1,20,20,4538.968,4880.91,4.0976,1.0
2,7300,dci_gated,3,CtrSteady,0,0.892286,1.0,0.50377,1.0,0.672308,0.824672,0,1.8785,cheap,1.0,0,1.8213,cheap,1,20,20,4307.264,4801.823,4.1651,1.0
2,7300,dci_gated,4,CtrSteady,0,0.898821,1.0,0.541197,1.0,0.803974,0.853541,0,1.9007,cheap,1.0,0,1.7089,cheap,1,20,20,3204.323,3801.635,5.2609,1.0
2,7300,dci_gated,5,CtrSteady,0,0.921513,1.0,0.603981,1.0,0.782564,0.868559,0,1.959,cheap,1.0,0,1.7051,cheap,1,20,20,3787.28,4349.813,4.5979,1.0
2,7300,dci_gated,6,CtrSteady,0,0.804927,1.0,0.377579,0.755952,0.783974,0.745534,1,1.4845,cheap,1.0,0,1.6948,cheap,1,20,20,4707.471,5241.025,3.816,1.0
2,7300,dci_gated,7,CtrSteady,0,0.778558,1.0,0.435188,0.755952,0.80359,0.753406,1,1.2784,cheap,0.6016,0,3.0741,cheap,1,20,20,4201.597,4747.082,4.2131,1.0
2,7300,dci_gated,8,CtrSteady,0,0.918932,1.0,0.680038,1.0,0.822564,0.889125,0,1.2765,cheap,1.0,0,4.1562,cheap,1,20,20,5202.467,5718.081,3.4977,1.0
2,7300,dci_gated,9,CtrSteady,0,0.946267,1.0,0.516961,1.0,0.678974,0.841805,0,1.3809,cheap,0.5542,0,1.8427,cheap,1,20,20,5047.042,5620.834,3.5582,1.0
2,7300,dci_gated,10,CtrSteady,0,0.926605,1.0,0.602645,1.0,0.739103,0.863046,0,1.4033,cheap,1.0,0,1.6611,cheap,1,20,20,4516.348,5163.84,3.8731,1.0
2,7300,dci_gated,11,CtrSteady,0,0.888665,1.0,0.654611,1.0,0.688974,0.856434,0,1.4199,cheap,1.0,0,1.7481,cheap,1,20,20,4258.572,4873.776,4.1036,1.0
2,7300,dci_gated,12,CtrSteady,0,0.851039,1.0,0.696855,0.803571,0.597308,0.802441,0,1.445,cheap,0.5985,0,1.708,cheap,1,20,20,5778.883,6310.085,3.1695,1.0
2,7300,dci_gated,13,CtrHold06,1,0.753753,1.0,0.401002,0.803571,0.800128,0.749372,1,1.3711,cheap,0.6701,0,2.676,cheap,1,20,20,3573.563,4208.317,4.7525,1.0
2,7300,dci_gated,14,CtrHold06,0,0.800777,1.0,0.462005,1.0,0.832179,0.817422,0,1.5202,cheap,0.3966,0,4.0445,cheap,1,20,20,4655.174,5214.874,3.8352,1.0
2,7300,dci_gated,15,CtrHold06,0,0.715159,1.0,0.676615,0.880952,0.729231,0.799688,1,1.6161,cheap,0.2104,0,1.5783,cheap,1,20,20,5185.326,5684.154,3.5186,1.0
2,7300,dci_gated,16,CtrHold06,0,0.750792,1.0,0.767871,0.880952,0.807308,0.838559,1,1.6748,cheap,0.1769,0,2.6578,cheap,1,20,20,4734.851,5424.154,3.6872,1.0
2,7300,dci_gated,17,CtrHold06,0,0.740806,1.0,0.732648,0.880952,0.791923,0.82671,1,1.6833,cheap,0.18,0,2.7125,cheap,1,20,20,5441.563,5959.063,3.3562,1.0
2,7300,dci_gated,18,CtrHold06,0,0.728929,1.0,0.660462,0.880952,0.66359,0.790054,1,1.6498,cheap,0.1887,0,3.0758,cheap,1,20,20,4133.498,4593.063,4.3544,1.0
2,7300,dci_gated,19,CtrHold06,0,0.973855,1.0,0.852057,1.0,0.817179,0.936452,0,1.6526,cheap,0.1945,0,3.0873,cheap,1,20,20,4529.103,4757.87,4.2036,1.0
2,7300,dci_gated,20,CtrHold06,0,0.876674,1.0,0.849347,1.0,0.740513,0.900115,0,1.6986,cheap,0.1777,0,1.7074,cheap,1,20,20,4288.921,4782.651,4.1818,1.0
2,7300,dci_gated,21,CtrHold06,0,0.819215,1.0,0.501567,1.0,0.74859,0.817406,0,1.7562,cheap,0.1714,0,3.0846,cheap,1,20,20,4669.588,5225.209,3.8276,1.0
2,7300,dci_gated,22,CtrHold06,0,0.810377,1.0,0.46185,1.0,0.662051,0.794272,0,1.82,cheap,0.1665,0,1.8945,cheap,1,20,20,4159.77,4926.531,4.0597,1.0
2,7300,dci_gated,23,CtrHold06,0,0.805076,1.0,0.530107,1.0,0.835641,0.832637,0,1.8634,cheap,0.1596,0,3.0225,cheap,1,20,20,4242.372,4807.187,4.1604,1.0
2,7300,dci_gated,24,CtrHold06,0,0.830436,1.0,0.446353,1.0,0.612436,0.788745,0,1.9141,cheap,0.1568,0,1.631,cheap,1,20,20,4386.322,5142.43,3.8892,1.0
3,7400,dci_gated,1,CtrSteady,0,0.907834,1.0,0.639001,1.0,0.62359,0.848297,0,1.0,cheap,1.0,0,2.8405,cheap,1,20,20,4573.063,5069.409,3.9452,1.0
3,7400,dci_gated,2,CtrSteady,0,0.933233,1.0,0.662409,1.0,0.817821,0.888463,0,1.1385,cheap,1.0,0,1.6531,cheap,1,20,20,4973.215,5481.612,3.6486,1.0
3,7400,dci_gated,3,CtrSteady,0,0.948008,1.0,0.726516,1.0,0.792436,0.901171,0,1.2278,cheap,1.0,0,1.6718,cheap,1,20,20,5001.806,5562.965,3.5952,1.0
3,7400,dci_gated,4,CtrSteady,0,0.91557,1.0,0.518735,1.0,0.697179,0.837216,0,1.7684,cheap,1.0,0,1.6247,cheap,1,20,20,3759.401,4150.518,4.8187,1.0
3,7400,dci_gated,5,CtrSteady,0,0.891332,1.0,0.410484,1.0,0.705897,0.810814,0,1.8516,cheap,1.0,0,1.5795,cheap,1,20,20,4307.15,4861.312,4.1141,1.0
3,7400,dci_gated,6,CtrSteady,0,0.783691,1.0,0.518322,0.880952,0.755513,0.789105,0,1.8977,cheap,1.0,0,1.5733,cheap,1,20,20,3732.439,4264.762,4.6896,1.0
3,7400,dci_gated,7,CtrSteady,0,0.863953,1.0,0.716822,0.880952,0.831923,0.860332,0,1.9284,cheap,1.0,0,0.8992,cheap,1,20,20,4476.512,4945.703,4.0439,1.0
3,7400,dci_gated,8,CtrSteady,0,0.937981,1.0,0.724829,1.0,0.802308,0.899807,0,1.8831,cheap,1.0,0,1.8799,cheap,1,20,20,4823.97,5339.559,3.7456,1.0
3,7400,dci_gated,9,CtrSteady,0,0.969028,1.0,0.822863,1.0,0.782179,0.924157,0,1.7868,cheap,1.0,0,1.7635,cheap,1,20,20,4319.545,4917.278,4.0673,1.0
3,7400,dci_gated,10,CtrSteady,0,0.942835,1.0,0.68914,1.0,0.657179,0.872114,0,1.7509,cheap,1.0,0,1.8318,cheap,1,20,20,5564.614,6177.857,3.2374,1.0
3,7400,dci_gated,11,CtrSteady,0,0.960836,1.0,0.810287,1.0,0.681538,0.904497,0,1.6785,cheap,1.0,0,2.672,cheap,1,20,20,4958.432,5359.232,3.7319,1.0
3,7400,dci_gated,12,CtrSteady,0,0.868863,1.0,0.802159,0.880952,0.768462,0.869107,0,1.8118,cheap,1.0,0,1.6897,cheap,1,20,20,4601.264,5173.887,3.8656,1.0
3,7400,dci_gated,13,CtrHold06,1,0.763014,1.0,0.513248,0.880952,0.762308,0.78394,0,1.6393,cheap,1.0,0,1.6279,cheap,1,20,20,3938.841,4540.52,4.4048,1.0
3,7400,dci_gated,14,CtrHold06,0,0.930698,1.0,0.751398,1.0,0.804231,0.903589,0,1.629,cheap,1.0,0,1.8445,cheap,1,20,20,4479.298,4997.907,4.0017,1.0
3,7400,dci_gated,15,CtrHold06,0,0.849588,1.0,0.628253,1.0,0.728718,0.847355,0,1.7094,cheap,1.0,0,2.9355,cheap,1,20,20,5432.709,6069.225,3.2953,1.0
3,7400,dci_gated,16,CtrHold06,0,0.827281,1.0,0.741137,1.0,0.725385,0.863855,0,1.8816,cheap,1.0,0,1.9322,cheap,1,20,20,4834.396,5423.57,3.6876,1.0
3,7400,dci_gated,17,CtrHold06,0,0.952013,1.0,0.76402,1.0,0.830641,0.915403,0,1.8355,cheap,1.0,0,1.6951,cheap,1,20,20,5271.892,5656.793,3.5356,1.0
3,7400,dci_gated,18,CtrHold06,0,0.875165,1.0,0.846139,1.0,0.620641,0.881115,0,1.9598,cheap,0.0931,0,5.2385,cheap,1,20,20,5108.565,5806.886,3.4442,1.0
3,7400,dci_gated,19,CtrHold06,0,0.840879,1.0,0.555469,1.0,0.576923,0.807852,0,2.0249,cheap,0.0783,0,1.6408,cheap,1,20,20,3860.036,4419.872,4.525,1.0
3,7400,dci_gated,20,CtrHold06,0,0.894989,1.0,0.538384,1.0,0.713462,0.838443,0,2.0778,cheap,0.0618,0,4.4769,cheap,1,20,20,5207.85,5767.231,3.4679,1.0
3,7400,dci_gated,21,CtrHold06,0,0.883507,1.0,0.426138,1.0,0.762051,0.820412,0,2.1697,cheap,0.0432,0,1.6933,cheap,1,20,20,3647.05,4419.853,4.525,1.0
3,7400,dci_gated,22,CtrHold06,0,0.810571,1.0,0.502653,1.0,0.767692,0.818327,0,2.1857,cheap,0.0549,0,1.7804,cheap,1,20,20,4682.241,5069.733,3.945,1.0
3,7400,dci_gated,23,CtrHold06,0,0.813348,1.0,0.688204,1.0,0.800769,0.861093,0,2.2722,cheap,0.0512,0,1.6497,cheap,1,20,20,5790.531,6335.008,3.1571,1.0
3,7400,dci_gated,24,CtrHold06,0,0.778712,1.0,0.67329,0.880952,0.753974,0.818623,0,2.2102,cheap,0.0794,0,1.6404,cheap,1,20,20,5360.305,6000.033,3.3333,1.0
4,7500,dci_gated,1,CtrSteady,0,0.91443,1.0,0.586722,1.0,0.760641,0.860048,0,1.0,cheap,1.0,0,2.8581,cheap,1,20,20,4926.101,5260.975,3.8016,1.0
4,7500,dci_gated,2,CtrSteady,0,0.911138,1.0,0.602656,1.0,0.718846,0.856142,0,1.0067,cheap,1.0,0,1.6526,cheap,1,20,20,4511.584,5145.9,3.8866,1.0
4,7500,dci_gated,3,CtrSteady,0,0.950074,1.0,0.781926,1.0,0.812436,0.915769,0,1.8208,cheap,1.0,0,1.6332,cheap,1,20,20,4899.791,5475.071,3.6529,1.0
4,7500,dci_gated,4,CtrSteady,0,0.952013,1.0,0.760709,1.0,0.750128,0.902664,0,1.5609,cheap,1.0,0,1.7128,cheap,1,20,20,4636.106,5188.102,3.855,1.0
4,7500,dci_gated,5,CtrSteady,0,0.917936,1.0,0.592482,1.0,0.685769,0.850846,0,1.7133,cheap,1.0,0,1.5893,cheap,1,20,20,3560.023,4129.261,4.8435,1.0
4,7500,dci_gated,6,CtrSteady,0,0.952058,1.0,0.764639,1.0,0.777051,0.9075,0,1.5588,cheap,1.0,0,3.122,cheap,1,20,20,3623.344,4123.64,4.8501,1.0
4,7500,dci_gated,7,CtrSteady,0,0.950074,1.0,0.615667,1.0,0.723974,0.869248,0,1.6106,cheap,1.0,0,3.0523,cheap,1,20,20,5082.106,5530.362,3.6164,1.0
4,7500,dci_gated,8,CtrSteady,0,0.917858,1.0,0.435409,1.0,0.796923,0.836085,0,1.9834,cheap,1.0,0,1.2295,cheap,1,20,20,4075.287,4499.597,4.4448,1.0
4,7500,dci_gated,9,CtrSteady,0,0.929289,1.0,0.700714,1.0,0.740256,0.883503,0,1.9485,cheap,1.0,0,1.3423,cheap,1,20,20,3886.003,4458.322,4.486,1.0
4,7500,dci_gated,10,CtrSteady,0,0.969058,1.0,0.725907,1.0,0.752308,0.900292,0,1.8555,cheap,1.0,0,2.8895,cheap,1,20,20,4450.278,5061.126,3.9517,1.0
4,7500,dci_gated,11,CtrSteady,0,0.926605,1.0,0.53232,1.0,0.77359,0.854154,0,1.9181,cheap,1.0,0,1.6958,cheap,1,20,20,3970.677,4503.633,4.4409,1.0
4,7500,dci_gated,12,CtrSteady,0,0.891383,1.0,0.460514,1.0,0.785385,0.832756,0,2.0275,cheap,1.0,0,1.287,cheap,1,20,20,4577.539,5124.304,3.903,1.0
4,7500,dci_gated,13,CtrHold06,1,0.907878,1.0,0.627141,1.0,0.717436,0.860013,0,2.0361,cheap,1.0,0,2.2469,cheap,1,20,20,5247.453,5818.949,3.437,1.0
4,7500,dci_gated,14,CtrHold06,0,0.874425,1.0,0.752185,1.0,0.765769,0.883908,0,2.1976,cheap,1.0,0,1.6787,cheap,1,20,20,5848.672,6420.453,3.115,1.0
4,7500,dci_gated,15,CtrHold06,0,0.819926,1.0,0.531053,1.0,0.696026,0.815596,0,2.3847,cheap,1.0,0,1.8615,cheap,1,20,20,3653.016,4323.418,4.626,1.0
4,7500,dci_gated,16,CtrHold06,0,0.821671,1.0,0.63226,1.0,0.828718,0.856178,0,2.5317,cheap,1.0,0,1.6023,cheap,1,20,20,4241.315,5006.289,3.995,1.0
4,7500,dci_gated,17,CtrHold06,0,0.830087,1.0,0.805072,1.0,0.722564,0.876921,0,2.7644,cheap,0.0,0,1.7555,cheap,1,20,20,4498.806,4841.028,4.1314,1.0
4,7500,dci_gated,18,CtrHold06,0,0.808861,1.0,0.518599,1.0,0.777051,0.822493,0,2.6724,cheap,0.0,0,1.3093,cheap,1,20,20,4070.392,4688.614,4.2657,1.0
4,7500,dci_gated,19,CtrHold06,0,0.77609,1.0,0.480536,0.880952,0.815,0.78857,0,2.4175,cheap,0.023,0,1.0759,cheap,1,20,20,4233.312,4749.155,4.2113,1.0
4,7500,dci_gated,20,CtrHold06,0,0.865169,1.0,0.659073,1.0,0.741795,0.859376,0,2.4534,cheap,0.0149,0,3.0422,cheap,1,20,20,5036.712,5578.142,3.5854,1.0
4,7500,dci_gated,21,CtrHold06,0,0.870179,1.0,0.795288,0.880952,0.766667,0.867793,0,2.5229,cheap,0.0073,0,1.34,cheap,1,20,20,5367.599,6071.44,3.2941,1.0
4,7500,dci_gated,22,CtrHold06,0,0.900168,1.0,0.652948,1.0,0.76859,0.87092,0,2.5391,cheap,0.0,0,1.0699,cheap,1,20,20,4159.509,4644.921,4.3058,1.0
4,7500,dci_gated,23,CtrHold06,0,0.928227,1.0,0.735741,1.0,0.814103,0.90132,0,2.5299,cheap,0.0,0,1.3428,cheap,1,20,20,4864.217,5524.145,3.6205,1.0
4,7500,dci_gated,24,CtrHold06,0,0.752429,1.0,0.50121,0.755952,0.638846,0.735367,1,2.1794,cheap,0.0569,0,0.6453,cheap,1,20,20,4376.561,4751.983,4.2088,1.0
5,7600,dci_gated,1,CtrSteady,0,0.908895,1.0,0.698268,1.0,0.872179,0.897704,0,1.0,cheap,1.0,0,3.7708,cheap,1,20,20,5257.122,5709.643,3.5028,1.0
5,7600,dci_gated,2,CtrSteady,0,0.823796,1.0,0.560876,0.880952,0.774231,0.810449,0,1.0681,cheap,1.0,0,1.3351,cheap,1,20,20,4187.6,4707.442,4.2486,1.0
5,7600,dci_gated,3,CtrSteady,0,0.820933,1.0,0.684295,0.880952,0.724487,0.826956,0,1.1628,cheap,1.0,0,1.5972,cheap,1,20,20,4087.647,4669.434,4.2832,1.0
5,7600,dci_gated,4,CtrSteady,0,0.895673,1.0,0.722432,1.0,0.757179,0.881982,0,1.271,cheap,1.0,0,1.6138,cheap,1,20,20,3729.725,4249.779,4.7061,1.0
5,7600,dci_gated,5,CtrSteady,0,0.951926,1.0,0.832487,1.0,0.783974,0.922075,0,1.3652,cheap,1.0,0,1.6398,cheap,1,20,20,4847.409,5291.277,3.7798,1.0
5,7600,dci_gated,6,CtrSteady,0,0.986156,1.0,0.786394,1.0,0.760641,0.917914,0,1.3103,cheap,1.0,0,1.6029,cheap,1,20,20,4274.399,4821.922,4.1477,1.0
5,7600,dci_gated,7,CtrSteady,0,0.9412,1.0,0.733022,1.0,0.723846,0.890481,0,1.2816,cheap,1.0,0,1.71,cheap,1,20,20,3954.643,4466.05,4.4782,1.0
5,7600,dci_gated,8,CtrSteady,0,0.932071,1.0,0.775005,1.0,0.813718,0.910077,0,1.2771,cheap,1.0,0,1.9085,cheap,1,20,20,5094.827,5556.489,3.5994,1.0
5,7600,dci_gated,9,CtrSteady,0,0.850445,1.0,0.680202,0.880952,0.766538,0.839823,0,1.3236,cheap,1.0,0,2.9356,cheap,1,20,20,4460.965,5023.674,3.9811,1.0
5,7600,dci_gated,10,CtrSteady,0,0.832978,1.0,0.588997,0.880952,0.723205,0.810715,0,1.2801,cheap,1.0,0,1.8315,cheap,1,20,20,5692.049,6124.653,3.2655,1.0
5,7600,dci_gated,11,CtrSteady,0,0.907704,1.0,0.584162,1.0,0.695,0.848008,0,1.3431,cheap,1.0,0,1.6967,cheap,1,20,20,4477.395,5265.338,3.7984,1.0
5,7600,dci_gated,12,CtrSteady,0,0.937981,1.0,0.676388,1.0,0.738846,0.8806,0,1.3324,cheap,1.0,0,1.6418,cheap,1,20,20,5350.137,5829.367,3.4309,1.0
5,7600,dci_gated,13,CtrHold06,1,0.856888,1.0,0.630442,1.0,0.635385,0.835618,0,1.4348,cheap,1.0,0,1.6019,cheap,1,20,20,6274.968,6866.491,2.9127,1.0
5,7600,dci_gated,14,CtrHold06,0,0.802991,1.0,0.483239,1.0,0.842308,0.823742,0,1.6575,cheap,1.0,0,1.6272,cheap,1,20,20,4474.416,5059.438,3.953,1.0
5,7600,dci_gated,15,CtrHold06,0,0.777062,1.0,0.614514,1.0,0.760769,0.831284,0,1.8017,cheap,0.0921,0,1.2522,cheap,1,20,20,4253.257,4885.321,4.0939,1.0
5,7600,dci_gated,16,CtrHold06,0,0.839498,1.0,0.485015,1.0,0.684487,0.809551,0,1.8722,cheap,0.0851,0,1.6913,cheap,1,20,20,5599.965,6083.414,3.2876,1.0
5,7600,dci_gated,17,CtrHold06,0,0.790964,1.0,0.678998,1.0,0.740385,0.844598,0,1.9496,cheap,0.0753,0,2.0745,cheap,1,20,20,4671.014,5348.439,3.7394,1.0
5,7600,dci_gated,18,CtrHold06,0,0.942861,1.0,0.759256,1.0,0.698846,0.892394,0,1.9288,cheap,0.075,0,6.8858,cheap,1,20,20,5549.186,5998.384,3.3342,1.0
5,7600,dci_gated,19,CtrHold06,0,0.942787,1.0,0.741596,1.0,0.77359,0.900054,0,1.9066,cheap,0.0747,0,1.6338,cheap,1,20,20,4802.314,5172.814,3.8664,1.0
5,7600,dci_gated,20,CtrHold06,0,0.810346,1.0,0.62809,1.0,0.736795,0.838724,0,1.9228,cheap,0.0708,0,1.7675,cheap,1,20,20,4337.01,4770.593,4.1924,1.0
5,7600,dci_gated,21,CtrHold06,0,0.822492,1.0,0.672264,1.0,0.738333,0.850826,0,1.9497,cheap,0.0653,0,1.6772,cheap,1,20,20,4903.518,5302.318,3.7719,1.0
5,7600,dci_gated,22,CtrHold06,0,0.87016,1.0,0.703099,1.0,0.855385,0.886467,0,1.9803,cheap,0.0585,0,1.8051,cheap,1,20,20,4911.282,5483.694,3.6472,1.0
5,7600,dci_gated,23,CtrHold06,0,0.825548,1.0,0.716603,1.0,0.737692,0.860361,0,2.0189,cheap,0.0541,0,1.74,cheap,1,20,20,4392.942,5156.787,3.8784,1.0
5,7600,dci_gated,24,CtrHold06,0,0.71722,1.0,0.396854,1.0,0.689103,0.762041,1,1.8139,cheap,0.0768,0,0.9357,cheap,1,20,20,6823.795,7380.026,2.71,1.0
6,7700,dci_gated,1,CtrSteady,0,0.939584,1.0,0.64762,1.0,0.777179,0.880997,0,1.0,cheap,1.0,0,3.0454,cheap,1,20,20,4675.673,5232.954,3.8219,1.0
6,7700,dci_gated,2,CtrSteady,0,0.958452,1.0,0.779462,1.0,0.779231,0.91239,0,1.1987,cheap,1.0,0,1.6505,cheap,1,20,20,4076.172,4637.456,4.3127,1.0
6,7700,dci_gated,3,CtrSteady,0,0.872028,1.0,0.848321,0.880952,0.822564,0.887246,0,1.9036,cheap,1.0,0,1.6571,cheap,1,20,20,4204.621,4731.486,4.227,1.0
6,7700,dci_gated,4,CtrSteady,0,0.785315,1.0,0.495466,0.880952,0.827564,0.795747,0,1.6157,cheap,1.0,0,2.6335,cheap,1,20,20,3427.266,3813.723,5.2442,1.0
6,7700,dci_gated,5,CtrSteady,0,0.917784,1.0,0.677946,1.0,0.820513,0.888112,0,1.6207,cheap,1.0,0,1.8192,cheap,1,20,20,4122.097,4729.668,4.2286,1.0
6,7700,dci_gated,6,CtrSteady,0,0.825318,1.0,0.670217,0.880952,0.613846,0.80864,0,1.5537,cheap,1.0,0,1.6443,cheap,1,20,20,4237.278,4594.3,4.3532,1.0
6,7700,dci_gated,7,CtrSteady,0,0.847016,1.0,0.575538,0.880952,0.83859,0.828841,0,1.5043,cheap,1.0,0,1.7051,cheap,1,20,20,4183.46,4802.868,4.1642,1.0
6,7700,dci_gated,8,CtrSteady,0,0.938068,1.0,0.681163,1.0,0.792436,0.889615,0,1.4777,cheap,1.0,0,1.5185,cheap,1,20,20,4706.248,5246.082,3.8124,1.0
6,7700,dci_gated,9,CtrSteady,0,0.946362,1.0,0.796906,1.0,0.753718,0.909029,0,1.4713,cheap,1.0,0,0.5211,cheap,1,20,20,4827.084,5751.985,3.4771,1.0
6,7700,dci_gated,10,CtrSteady,0,0.854817,1.0,0.711105,0.880952,0.853974,0.860212,0,1.4991,cheap,1.0,0,1.6597,cheap,1,20,20,3697.514,4546.029,4.3994,1.0
6,7700,dci_gated,11,CtrSteady,0,0.860846,1.0,0.772881,0.880952,0.583846,0.833555,0,1.5749,cheap,1.0,0,4.8375,cheap,1,20,20,4715.808,5191.214,3.8527,1.0
6,7700,dci_gated,12,CtrSteady,0,0.958452,1.0,0.687744,1.0,0.708718,0.88347,0,1.5427,cheap,1.0,0,1.6387,cheap,1,20,20,5868.901,6559.273,3.0491,1.0
6,7700,dci_gated,13,CtrHold06,1,0.75455,1.0,0.689339,1.0,0.774231,0.84264,1,1.8905,cheap,0.1194,0,1.1106,cheap,1,20,20,5915.137,6453.313,3.0992,1.0
6,7700,dci_gated,14,CtrHold06,0,0.754257,1.0,0.566416,1.0,0.817436,0.824463,1,1.9532,cheap,0.1084,0,3.619,cheap,1,20,20,4449.689,4844.253,4.1286,1.0
6,7700,dci_gated,15,CtrHold06,0,0.831792,1.0,0.513267,1.0,0.612949,0.802544,0,2.0072,cheap,0.1035,0,2.8255,cheap,1,20,20,5547.432,6041.821,3.3103,1.0
6,7700,dci_gated,16,CtrHold06,0,0.952839,1.0,0.861825,1.0,0.733974,0.920671,0,2.0267,cheap,0.1053,0,1.619,cheap,1,20,20,5536.123,6020.419,3.322,1.0
6,7700,dci_gated,17,CtrHold06,0,0.74516,1.0,0.654615,1.0,0.790897,0.835848,1,1.992,cheap,0.0971,0,1.6482,cheap,1,20,20,5730.653,6153.796,3.25,1.0
6,7700,dci_gated,18,CtrHold06,0,0.795668,1.0,0.642924,1.0,0.824359,0.851156,0,1.9719,cheap,0.092,0,2.7486,cheap,1,20,20,4936.935,5395.734,3.7066,1.0
6,7700,dci_gated,19,CtrHold06,0,0.83319,1.0,0.673602,1.0,0.760897,0.857153,0,1.9805,cheap,0.0868,0,1.8173,cheap,1,20,20,5401.047,6065.726,3.2972,1.0
6,7700,dci_gated,20,CtrHold06,0,0.792308,1.0,0.6682,1.0,0.800641,0.851813,0,1.9513,cheap,0.0833,0,1.6542,cheap,1,20,20,4330.206,4882.075,4.0966,1.0
6,7700,dci_gated,21,CtrHold06,0,0.760043,1.0,0.6682,1.0,0.702051,0.828958,0,1.8813,cheap,0.0822,0,1.7339,cheap,1,20,20,4485.259,5027.714,3.978,1.0
6,7700,dci_gated,22,CtrHold06,0,0.726843,1.0,0.387314,1.0,0.707308,0.76527,1,1.7862,cheap,0.0904,0,1.643,cheap,1,20,20,5278.463,5870.375,3.4069,1.0
6,7700,dci_gated,23,CtrHold06,0,0.848906,1.0,0.58663,1.0,0.650513,0.827129,0,1.7875,cheap,0.0885,0,2.9436,cheap,1,20,20,5058.993,5505.315,3.6329,1.0
6,7700,dci_gated,24,CtrHold06,0,0.78237,1.0,0.666776,1.0,0.837692,0.854601,0,1.7588,cheap,0.0864,0,2.0812,cheap,1,20,20,4760.233,5060.993,3.9518,1.0
7,7800,dci_gated,1,CtrSteady,0,0.849601,1.0,0.590367,0.880952,0.685256,0.809453,0,1.0,cheap,1.0,0,2.7489,cheap,1,20,20,5381.053,6029.379,3.3171,1.0
7,7800,dci_gated,2,CtrSteady,0,0.851889,1.0,0.697656,0.880952,0.662436,0.828059,0,1.1386,cheap,1.0,0,1.6388,cheap,1,20,20,4504.066,5076.166,3.94,1.0
7,7800,dci_gated,3,CtrSteady,0,0.963348,1.0,0.816813,1.0,0.747308,0.916296,0,1.3336,cheap,1.0,0,1.7018,cheap,1,20,20,4100.729,4591.835,4.3556,1.0
7,7800,dci_gated,4,CtrSteady,0,0.883507,1.0,0.6265,1.0,0.730641,0.855773,0,1.4971,cheap,1.0,0,1.6527,cheap,1,20,20,4933.054,5635.611,3.5489,1.0
7,7800,dci_gated,5,CtrSteady,0,0.917897,1.0,0.560876,1.0,0.779487,0.858572,0,1.6862,cheap,1.0,0,1.7315,cheap,1,20,20,4924.278,5325.068,3.7558,1.0
7,7800,dci_gated,6,CtrSteady,0,0.933507,1.0,0.580371,1.0,0.767051,0.864509,0,1.7471,cheap,1.0,0,2.0148,cheap,1,20,20,4744.407,5201.365,3.8451,1.0
7,7800,dci_gated,7,CtrSteady,0,0.930665,1.0,0.566252,1.0,0.640385,0.841974,0,1.7828,cheap,1.0,0,1.6003,cheap,1,20,20,4882.622,5174.267,3.8653,1.0
7,7800,dci_gated,8,CtrSteady,0,0.846861,1.0,0.558862,0.880952,0.742692,0.811082,0,1.6894,cheap,1.0,0,1.652,cheap,1,20,20,4203.166,4687.947,4.2663,1.0
7,7800,dci_gated,9,CtrSteady,0,0.852946,1.0,0.675945,0.880952,0.670897,0.825251,0,1.6101,cheap,1.0,0,2.7811,cheap,1,20,20,4736.606,5262.655,3.8004,1.0
7,7800,dci_gated,10,CtrSteady,0,0.972312,1.0,0.871224,1.0,0.813205,0.939303,0,1.6774,cheap,1.0,0,1.6585,cheap,1,20,20,4678.99,5073.637,3.9419,1.0
7,7800,dci_gated,11,CtrSteady,0,0.946362,1.0,0.724821,1.0,0.674487,0.882728,0,1.6299,cheap,1.0,0,1.0356,cheap,1,20,20,5307.705,5624.637,3.5558,1.0
7,7800,dci_gated,12,CtrSteady,0,0.9253,1.0,0.662133,1.0,0.750513,0.876329,0,1.6165,cheap,1.0,0,1.6597,cheap,1,20,20,5351.226,5754.84,3.4753,1.0
7,7800,dci_gated,13,CtrHold06,1,0.91443,1.0,0.464767,1.0,0.680513,0.823638,0,1.8013,cheap,1.0,0,1.7121,cheap,1,20,20,3105.611,3594.676,5.5638,1.0
7,7800,dci_gated,14,CtrHold06,0,0.757135,1.0,0.597682,0.880952,0.815513,0.807338,1,1.6801,cheap,1.0,0,1.6324,cheap,1,20,20,5025.289,5518.535,3.6242,1.0
7,7800,dci_gated,15,CtrHold06,0,0.814503,1.0,0.556442,1.0,0.719103,0.82278,0,1.8347,cheap,1.0,0,3.3904,cheap,1,20,20,4523.198,5188.657,3.8546,1.0
7,7800,dci_gated,16,CtrHold06,0,0.909867,1.0,0.571048,1.0,0.647179,0.838753,0,1.8719,cheap,1.0,0,1.6303,cheap,1,20,20,4066.552,4605.521,4.3426,1.0
7,7800,dci_gated,17,CtrHold06,0,0.813202,1.0,0.800949,0.880952,0.659103,0.838546,0,1.8963,cheap,1.0,0,1.824,cheap,1,20,20,5195.708,5817.85,3.4377,1.0
7,7800,dci_gated,18,CtrHold06,0,0.885293,1.0,0.833526,1.0,0.694231,0.892163,0,2.0116,cheap,1.0,0,1.6806,cheap,1,20,20,4684.41,5448.613,3.6707,1.0
7,7800,dci_gated,19,CtrHold06,0,0.861183,1.0,0.506621,1.0,0.775256,0.832908,0,2.0974,cheap,1.0,0,1.6879,cheap,1,20,20,4049.818,4552.237,4.3934,1.0
7,7800,dci_gated,20,CtrHold06,0,0.840062,1.0,0.60592,1.0,0.732308,0.841046,0,2.1711,cheap,0.0553,0,1.6798,cheap,1,20,20,3723.035,4186.742,4.777,1.0
7,7800,dci_gated,21,CtrHold06,0,0.802225,1.0,0.711129,1.0,0.728333,0.852032,0,2.3013,cheap,0.0524,0,1.582,cheap,1,20,20,4103.126,4621.689,4.3274,1.0
7,7800,dci_gated,22,CtrHold06,0,0.775933,1.0,0.684663,0.880952,0.773974,0.823202,0,2.1476,cheap,0.0839,0,0.9999,cheap,1,20,20,4467.719,4891.146,4.089,1.0
7,7800,dci_gated,23,CtrHold06,0,0.835376,1.0,0.657089,0.880952,0.750769,0.829068,0,2.0977,cheap,0.0888,0,1.6542,cheap,1,20,20,5339.543,5912.274,3.3828,1.0
7,7800,dci_gated,24,CtrHold06,0,0.831543,1.0,0.687246,1.0,0.708718,0.851643,0,2.1577,cheap,0.077,0,1.6704,cheap,1,20,20,4726.225,5283.531,3.7853,1.0
8,7900,dci_gated,1,CtrSteady,0,0.887897,1.0,0.484537,1.0,0.713718,0.825939,0,1.0,cheap,1.0,0,2.806,cheap,1,20,20,5078.581,5701.739,3.5077,1.0
8,7900,dci_gated,2,CtrSteady,0,0.91443,1.0,0.567142,1.0,0.692692,0.84594,0,1.1285,cheap,1.0,0,5.2536,cheap,1,20,20,4465.502,5032.5,3.9742,1.0
8,7900,dci_gated,3,CtrSteady,0,0.980425,1.0,0.873092,1.0,0.712308,0.926571,0,1.6674,cheap,1.0,0,1.567,cheap,1,20,20,5080.749,5519.456,3.6235,1.0
8,7900,dci_gated,4,CtrSteady,0,0.956181,1.0,0.799264,1.0,0.749103,0.911264,0,1.5509,cheap,1.0,0,1.6914,cheap,1,20,20,4630.278,5213.449,3.8362,1.0
8,7900,dci_gated,5,CtrSteady,0,0.901752,1.0,0.708639,1.0,0.79359,0.886204,0,1.628,cheap,1.0,0,1.5717,cheap,1,20,20,3996.25,4466.448,4.4778,1.0
8,7900,dci_gated,6,CtrSteady,0,0.825844,1.0,0.600571,0.880952,0.716795,0.810285,0,1.6255,cheap,1.0,0,2.017,cheap,1,20,20,5217.331,5707.672,3.5041,1.0
8,7900,dci_gated,7,CtrSteady,0,0.908565,1.0,0.686245,1.0,0.834103,0.889506,0,1.6527,cheap,1.0,0,3.0165,cheap,1,20,20,4310.79,5039.605,3.9686,1.0
8,7900,dci_gated,8,CtrSteady,0,0.867121,1.0,0.873778,0.880952,0.661026,0.86688,0,2.0108,cheap,1.0,0,1.6433,cheap,1,20,20,4610.546,5351.607,3.7372,1.0
8,7900,dci_gated,9,CtrSteady,0,0.808349,1.0,0.634401,1.0,0.669231,0.829352,0,2.3374,cheap,1.0,0,1.6644,cheap,1,20,20,5899.352,6442.145,3.1046,1.0
8,7900,dci_gated,10,CtrSteady,0,0.818952,1.0,0.397221,1.0,0.889103,0.817548,0,2.1551,cheap,0.0578,0,1.7565,cheap,1,20,20,4917.987,5415.074,3.6934,1.0
8,7900,dci_gated,11,CtrSteady,0,0.91001,1.0,0.568314,1.0,0.667436,0.841281,0,2.1916,cheap,0.0449,0,2.0744,cheap,1,20,20,4882.698,5295.173,3.777,1.0
8,7900,dci_gated,12,CtrSteady,0,0.936444,1.0,0.83756,1.0,0.685256,0.904412,0,2.156,cheap,0.0692,0,1.6765,cheap,1,20,20,4570.305,5093.624,3.9265,1.0
8,7900,dci_gated,13,CtrHold06,1,0.950027,1.0,0.735606,1.0,0.672308,0.885474,0,2.1301,cheap,1.0,0,1.6319,cheap,1,20,20,3501.266,4117.137,4.8577,1.0
8,7900,dci_gated,14,CtrHold06,0,0.825088,1.0,0.444898,0.880952,0.785385,0.78925,0,2.0026,cheap,1.0,0,3.1081,cheap,1,20,20,6490.541,7117.37,2.81,1.0
8,7900,dci_gated,15,CtrHold06,0,0.811581,1.0,0.679381,0.880952,0.682436,0.817327,0,2.0506,cheap,1.0,0,1.6884,cheap,1,20,20,5614.545,6202.488,3.2245,1.0
8,7900,dci_gated,16,CtrHold06,0,0.850083,1.0,0.805984,0.880952,0.722692,0.858312,0,2.1519,cheap,1.0,0,1.6051,cheap,1,20,20,5533.187,6035.549,3.3137,1.0
8,7900,dci_gated,17,CtrHold06,0,0.813843,1.0,0.735647,0.880952,0.785897,0.844665,0,2.1727,cheap,0.0937,0,1.6163,cheap,1,20,20,5254.665,5832.265,3.4292,1.0
8,7900,dci_gated,18,CtrHold06,0,0.745316,1.0,0.393908,1.0,0.643462,0.76163,1,2.0998,cheap,0.1207,0,1.8746,cheap,1,20,20,4190.914,4915.696,4.0686,1.0
8,7900,dci_gated,19,CtrHold06,0,0.738376,1.0,0.350414,0.880952,0.654103,0.728983,1,1.8629,cheap,0.1867,0,3.1521,cheap,1,20,20,4928.873,5615.682,3.5615,1.0
8,7900,dci_gated,20,CtrHold06,0,0.750084,1.0,0.568624,0.880952,0.830769,0.802052,1,1.7951,cheap,0.2148,0,2.8558,cheap,1,20,20,4823.716,5097.832,3.9232,1.0
8,7900,dci_gated,21,CtrHold06,0,0.808317,1.0,0.575149,0.880952,0.900385,0.828357,0,1.7656,cheap,0.2306,0,3.1848,cheap,1,20,20,6498.545,7269.418,2.7513,1.0
8,7900,dci_gated,22,CtrHold06,0,0.830139,1.0,0.583518,0.880952,0.738718,0.811236,0,1.7517,cheap,0.2406,0,2.6896,cheap,1,20,20,5111.463,5923.761,3.3762,1.0
8,7900,dci_gated,23,CtrHold06,0,0.81478,1.0,0.496502,1.0,0.810128,0.824515,0,1.7659,cheap,0.2196,0,1.6989,cheap,1,20,20,3903.298,4640.014,4.3103,1.0
8,7900,dci_gated,24,CtrHold06,0,0.836574,1.0,0.758885,1.0,0.777179,0.877497,0,1.8306,cheap,0.1833,0,1.6803,cheap,1,20,20,3090.424,3797.64,5.2664,1.0
9,8000,dci_gated,1,CtrSteady,0,0.946267,1.0,0.72983,1.0,0.752564,0.895417,0,1.0,cheap,1.0,0,2.6564,cheap,1,20,20,4980.579,5513.862,3.6272,1.0
9,8000,dci_gated,2,CtrSteady,0,0.949987,1.0,0.76094,1.0,0.780385,0.906742,0,1.0088,cheap,1.0,0,1.7237,cheap,1,20,20,4819.741,5299.716,3.7738,1.0
9,8000,dci_gated,3,CtrSteady,0,0.930572,1.0,0.668678,1.0,0.727308,0.875475,0,1.0748,cheap,1.0,0,1.5946,cheap,1,20,20,4509.446,5137.989,3.8926,1.0
9,8000,dci_gated,4,CtrSteady,0,0.958452,1.0,0.799708,1.0,0.663462,0.899074,0,1.0779,cheap,1.0,0,1.6252,cheap,1,20,20,4359.839,4820.79,4.1487,1.0
9,8000,dci_gated,5,CtrSteady,0,0.859255,1.0,0.682437,0.880952,0.764231,0.842126,0,1.2391,cheap,1.0,0,1.9688,cheap,1,20,20,4989.505,5602.011,3.5701,1.0
9,8000,dci_gated,6,CtrSteady,0,0.960266,1.0,0.807199,1.0,0.870513,0.932083,0,1.2133,cheap,1.0,0,1.6743,cheap,1,20,20,4453.61,5023.293,3.9815,1.0
9,8000,dci_gated,7,CtrSteady,0,0.827551,1.0,0.593119,0.880952,0.775769,0.818067,0,1.1822,cheap,1.0,0,2.5229,cheap,1,20,20,5725.298,6160.109,3.2467,1.0
9,8000,dci_gated,8,CtrSteady,0,0.972301,1.0,0.715236,1.0,0.697564,0.890757,0,1.1756,cheap,1.0,0,1.6768,cheap,1,20,20,5112.101,5664.124,3.531,1.0
9,8000,dci_gated,9,CtrSteady,0,0.821863,1.0,0.63099,0.880952,0.570641,0.79345,0,1.1709,cheap,1.0,0,1.6016,cheap,1,20,20,4896.288,5603.572,3.5692,1.0
9,8000,dci_gated,10,CtrSteady,0,0.837982,1.0,0.746817,0.880952,0.820641,0.858145,0,1.2694,cheap,1.0,0,1.6838,cheap,1,20,20,5498.583,5950.214,3.3612,1.0
9,8000,dci_gated,11,CtrSteady,0,0.950074,1.0,0.828523,1.0,0.704872,0.908954,0,1.2969,cheap,1.0,0,1.6321,cheap,1,20,20,6180.643,6754.951,2.9608,1.0
9,8000,dci_gated,12,CtrSteady,0,0.946362,1.0,0.63641,1.0,0.665769,0.863738,0,1.3051,cheap,1.0,0,1.6413,cheap,1,20,20,4421.114,4838.342,4.1336,1.0
9,8000,dci_gated,13,CtrHold06,1,0.933476,1.0,0.730944,1.0,0.725256,0.888346,0,1.2964,cheap,1.0,0,1.7122,cheap,1,20,20,4835.242,5582.212,3.5828,1.0
9,8000,dci_gated,14,CtrHold06,0,0.936444,1.0,0.740755,1.0,0.695641,0.886608,0,1.2874,cheap,1.0,0,1.6517,cheap,1,20,20,4334.585,4908.298,4.0747,1.0
9,8000,dci_gated,15,CtrHold06,0,0.85854,1.0,0.733296,0.880952,0.662436,0.83685,0,1.343,cheap,1.0,0,1.6778,cheap,1,20,20,3670.032,4196.716,4.7656,1.0
9,8000,dci_gated,16,CtrHold06,0,0.825896,1.0,0.473718,0.880952,0.803974,0.798004,0,1.3286,cheap,1.0,0,1.2746,cheap,1,20,20,5016.379,5567.085,3.5925,1.0
9,8000,dci_gated,17,CtrHold06,0,0.874379,1.0,0.680202,1.0,0.673462,0.855655,0,1.3742,cheap,1.0,0,1.6587,cheap,1,20,20,4885.934,5497.633,3.6379,1.0
9,8000,dci_gated,18,CtrHold06,0,0.944455,1.0,0.763153,1.0,0.818718,0.911552,0,1.3615,cheap,1.0,0,1.8736,cheap,1,20,20,4176.443,4819.471,4.1498,1.0
9,8000,dci_gated,19,CtrHold06,0,0.77669,1.0,0.727055,0.880952,0.866026,0.845678,0,1.4091,cheap,1.0,0,2.281,cheap,1,20,20,5113.114,5855.417,3.4156,1.0
9,8000,dci_gated,20,CtrHold06,0,0.864067,1.0,0.726017,1.0,0.775769,0.877586,0,1.4698,cheap,1.0,0,2.299,cheap,1,20,20,4796.829,5607.805,3.5665,1.0
9,8000,dci_gated,21,CtrHold06,0,0.854923,1.0,0.76167,0.880952,0.695641,0.846601,0,1.5161,cheap,1.0,0,1.6722,cheap,1,20,20,4592.531,5127.827,3.9003,1.0
9,8000,dci_gated,22,CtrHold06,0,0.886114,1.0,0.775878,1.0,0.660128,0.875724,0,1.5636,cheap,1.0,0,1.6595,cheap,1,20,20,4137.843,4593.931,4.3536,1.0
9,8000,dci_gated,23,CtrHold06,0,0.808674,1.0,0.797951,1.0,0.773462,0.877778,0,1.7442,cheap,0.0819,0,1.7098,cheap,1,20,20,4465.852,5111.711,3.9126,1.0
9,8000,dci_gated,24,CtrHold06,0,0.854145,1.0,0.83687,1.0,0.717179,0.888487,0,1.8552,cheap,0.0519,0,1.7318,cheap,1,20,20,3935.567,4476.02,4.4683,1.0
10,8100,dci_gated,1,CtrSteady,0,0.902745,1.0,0.403641,1.0,0.693846,0.810491,0,1.0,cheap,1.0,0,3.1845,cheap,1,20,20,5785.638,6370.699,3.1394,1.0
10,8100,dci_gated,2,CtrSteady,0,0.933418,1.0,0.669963,1.0,0.735641,0.877693,0,1.4295,cheap,1.0,0,3.3924,cheap,1,20,20,4908.558,5542.116,3.6087,1.0
10,8100,dci_gated,3,CtrSteady,0,0.934853,1.0,0.648241,1.0,0.841795,0.889631,0,1.6816,cheap,1.0,0,1.6452,cheap,1,20,20,5083.65,5576.929,3.5862,1.0
10,8100,dci_gated,4,CtrSteady,0,0.927865,1.0,0.606477,1.0,0.763846,0.867839,0,1.6842,cheap,1.0,0,1.7329,cheap,1,20,20,5296.418,5953.348,3.3595,1.0
10,8100,dci_gated,5,CtrSteady,0,0.934853,1.0,0.733901,1.0,0.862308,0.90984,0,1.907,cheap,1.0,0,1.8406,cheap,1,20,20,4914.042,5424.717,3.6868,1.0
10,8100,dci_gated,6,CtrSteady,0,0.885152,1.0,0.600025,1.0,0.836026,0.866697,0,1.9917,cheap,1.0,0,1.739,cheap,1,20,20,3645.449,4151.663,4.8173,1.0
10,8100,dci_gated,7,CtrSteady,0,0.901752,1.0,0.663919,1.0,0.634103,0.853337,0,2.043,cheap,1.0,0,1.6612,cheap,1,20,20,4607.476,5193.67,3.8508,1.0
10,8100,dci_gated,8,CtrSteady,0,0.950027,1.0,0.804257,1.0,0.857949,0.92705,0,2.1414,cheap,1.0,0,1.597,cheap,1,20,20,5063.774,5689.223,3.5154,1.0
10,8100,dci_gated,9,CtrSteady,0,0.887685,1.0,0.501567,1.0,0.766923,0.837273,0,2.1199,cheap,1.0,0,1.6511,cheap,1,20,20,4783.581,5430.468,3.6829,1.0
10,8100,dci_gated,10,CtrSteady,0,0.889444,1.0,0.558296,1.0,0.775513,0.850347,0,2.0976,cheap,1.0,0,1.6402,cheap,1,20,20,4228.585,4939.643,4.0489,1.0
10,8100,dci_gated,11,CtrSteady,0,0.919047,1.0,0.678527,1.0,0.794103,0.884583,0,2.1177,cheap,1.0,0,1.6781,cheap,1,20,20,4712.042,5337.179,3.7473,1.0
10,8100,dci_gated,12,CtrSteady,0,0.922719,1.0,0.705345,1.0,0.722436,0.880114,0,2.1334,cheap,1.0,0,1.7983,cheap,1,20,20,3727.002,4501.716,4.4428,1.0
10,8100,dci_gated,13,CtrHold06,1,0.872955,1.0,0.703969,1.0,0.643718,0.85559,0,2.2936,cheap,1.0,0,1.619,cheap,1,20,20,5045.648,5531.957,3.6154,1.0
10,8100,dci_gated,14,CtrHold06,0,0.816088,1.0,0.62213,1.0,0.744359,0.840102,0,2.6331,cheap,1.0,0,2.6988,cheap,1,20,20,4094.303,4628.491,4.3211,1.0
10,8100,dci_gated,15,CtrHold06,0,0.827244,1.0,0.753546,1.0,0.775,0.87377,0,2.9061,cheap,0.0,0,1.6451,cheap,1,20,20,4142.355,4648.089,4.3028,1.0
10,8100,dci_gated,16,CtrHold06,0,0.74633,1.0,0.680129,0.880952,0.742051,0.810107,1,2.4953,cheap,0.0,0,1.711,cheap,1,20,20,5052.812,5569.7,3.5909,1.0
10,8100,dci_gated,17,CtrHold06,0,0.722356,1.0,0.555469,0.880952,0.748974,0.780219,1,2.0054,cheap,0.0926,0,2.7167,cheap,1,20,20,4800.629,5297.811,3.7751,1.0
10,8100,dci_gated,18,CtrHold06,0,0.799721,1.0,0.470611,1.0,0.777308,0.810649,0,2.0521,cheap,0.0944,0,2.8518,cheap,1,20,20,4811.617,5486.622,3.6452,1.0
10,8100,dci_gated,19,CtrHold06,0,0.785824,1.0,0.594776,1.0,0.801923,0.8357,0,2.0216,cheap,0.0907,0,1.6317,cheap,1,20,20,5698.459,6292.403,3.1784,1.0
10,8100,dci_gated,20,CtrHold06,0,0.881061,1.0,0.738579,1.0,0.765385,0.882789,0,2.0709,cheap,0.0825,0,1.6641,cheap,1,20,20,4769.646,5294.092,3.7778,1.0
10,8100,dci_gated,21,CtrHold06,0,0.939556,1.0,0.788488,1.0,0.777821,0.90926,0,2.0817,cheap,0.0816,0,1.6485,cheap,1,20,20,4192.739,4724.793,4.233,1.0
10,8100,dci_gated,22,CtrHold06,0,0.881335,1.0,0.829346,1.0,0.770769,0.901818,0,2.1803,cheap,0.0712,0,1.6514,cheap,1,20,20,4169.116,4697.699,4.2574,1.0
10,8100,dci_gated,23,CtrHold06,0,0.77087,1.0,0.447497,1.0,0.827051,0.806275,0,2.0882,cheap,0.0798,0,1.6225,cheap,1,20,20,4502.61,5078.949,3.9378,1.0
10,8100,dci_gated,24,CtrHold06,0,0.811673,1.0,0.590373,1.0,0.843974,0.847589,0,2.0601,cheap,0.078,0,1.5926,cheap,1,20,20,3316.996,3848.993,5.1962,1.0
