id,arm,cluster_a,start_a,cluster_b,start_b,lam,stratum,R_at_onset,DCI_at_onset,minR_onset_p2,esc_windows
0,cross,100,16065,96,17065,0.05,cross/offaxis/l0.05,1.0,2.2792,1.0,0
1,cross,100,16065,96,17065,0.1,cross/offaxis/l0.1,0.524,1.8664,0.514,0
2,cross,100,16065,96,17065,0.2,cross/offaxis/l0.2,0.5371,1.2674,0.5371,0
3,cross,100,16065,96,17065,0.4,cross/offaxis/l0.4,0.5122,1.1339,0.5122,0
4,cross,100,16065,96,17065,1.0,cross/offaxis/l1,0.1863,1.0502,0.1863,1
5,cross,100,65,31,2065,0.05,cross/offaxis/l0.05,0.0729,2.778,0.0729,18
6,cross,100,65,31,2065,0.1,cross/offaxis/l0.1,0.0899,2.7175,0.0899,15
7,cross,100,65,31,2065,0.2,cross/offaxis/l0.2,0.1041,2.7034,0.1041,14
8,cross,100,65,31,2065,0.4,cross/offaxis/l0.4,0.1173,2.5398,0.1173,12
9,cross,100,65,31,2065,1.0,cross/offaxis/l1,0.0852,1.4555,0.0852,18
10,cross,100,65,33,1065,0.05,cross/offaxis/l0.05,0.0909,2.6823,0.0909,11
11,cross,100,65,33,1065,0.1,cross/offaxis/l0.1,0.0984,2.6642,0.0984,11
12,cross,100,65,33,1065,0.2,cross/offaxis/l0.2,0.107,2.6466,0.107,11
13,cross,100,65,33,1065,0.4,cross/offaxis/l0.4,0.118,2.6449,0.118,11
14,cross,100,65,33,1065,1.0,cross/offaxis/l1,0.0921,1.4572,0.087,18
15,cross,100,65,33,65,0.05,cross/offaxis/l0.05,0.0679,2.2477,0.0619,18
16,cross,100,65,33,65,0.1,cross/offaxis/l0.1,0.0656,2.2472,0.0595,18
17,cross,100,65,33,65,0.2,cross/offaxis/l0.2,0.0683,2.1543,0.0595,18
18,cross,100,65,33,65,0.4,cross/offaxis/l0.4,0.0974,1.8929,0.0879,18
19,cross,100,65,33,65,1.0,cross/offaxis/l1,0.0983,1.4572,0.0983,18
20,cross,100,65,16,65,0.05,cross/offaxis/l0.05,0.0679,2.7867,0.0679,12
21,cross,100,65,16,65,0.1,cross/offaxis/l0.1,0.0973,2.7014,0.0973,11
22,cross,100,65,16,65,0.2,cross/offaxis/l0.2,0.1169,2.5542,0.1169,10
23,cross,100,65,16,65,0.4,cross/offaxis/l0.4,0.1125,2.0069,0.1125,10
24,cross,100,65,16,65,1.0,cross/offaxis/l1,0.0807,1.4531,0.0807,18
25,cross,77,65,100,3065,0.05,cross/offaxis/l0.05,1.0,1.8302,1.0,0
26,cross,77,65,100,3065,0.1,cross/offaxis/l0.1,1.0,1.8398,1.0,0
27,cross,77,65,100,3065,0.2,cross/offaxis/l0.2,1.0,1.8267,1.0,0
28,cross,77,65,100,3065,0.4,cross/offaxis/l0.4,1.0,1.9275,1.0,0
29,cross,77,65,100,3065,1.0,cross/offaxis/l1,0.3081,1.9374,0.2091,7
30,cross,77,65,178,65,0.05,cross/offaxis/l0.05,1.0,1.8471,1.0,0
31,cross,77,65,178,65,0.1,cross/offaxis/l0.1,1.0,1.8778,1.0,0
32,cross,77,65,178,65,0.2,cross/offaxis/l0.2,1.0,1.9679,1.0,0
33,cross,77,65,178,65,0.4,cross/offaxis/l0.4,1.0,2.1911,1.0,0
34,cross,77,65,178,65,1.0,cross/offaxis/l1,0.305,1.9383,0.2967,7
35,cross,77,65,33,1065,0.05,cross/offaxis/l0.05,1.0,1.8233,1.0,0
36,cross,77,65,33,1065,0.1,cross/offaxis/l0.1,1.0,1.8377,1.0,0
37,cross,77,65,33,1065,0.2,cross/offaxis/l0.2,1.0,1.8431,1.0,0
38,cross,77,65,33,1065,0.4,cross/offaxis/l0.4,1.0,1.8553,1.0,0
39,cross,77,65,33,1065,1.0,cross/offaxis/l1,0.3266,1.9267,0.3266,7
40,cross,77,65,11,65,0.05,cross/offaxis/l0.05,1.0,1.838,1.0,0
41,cross,77,65,11,65,0.1,cross/offaxis/l0.1,1.0,1.8296,1.0,0
42,cross,77,65,11,65,0.2,cross/offaxis/l0.2,1.0,1.8964,1.0,0
43,cross,77,65,11,65,0.4,cross/offaxis/l0.4,1.0,2.0483,1.0,0
44,cross,77,65,11,65,1.0,cross/offaxis/l1,0.3113,1.9362,0.2957,3
45,cross,77,65,11,2065,0.05,cross/offaxis/l0.05,1.0,1.8363,1.0,0
46,cross,77,65,11,2065,0.1,cross/offaxis/l0.1,1.0,1.8685,1.0,0
47,cross,77,65,11,2065,0.2,cross/offaxis/l0.2,1.0,1.8998,1.0,0
48,cross,77,65,11,2065,0.4,cross/offaxis/l0.4,1.0,2.1009,1.0,0
49,cross,77,65,11,2065,1.0,cross/offaxis/l1,0.3164,1.9338,0.3094,2
50,cross,14,1065,96,58065,0.05,cross/offaxis/l0.05,1.0,1.1653,1.0,0
51,cross,14,1065,96,58065,0.1,cross/offaxis/l0.1,1.0,1.1851,1.0,0
52,cross,14,1065,96,58065,0.2,cross/offaxis/l0.2,1.0,1.3045,1.0,0
53,cross,14,1065,96,58065,0.4,cross/offaxis/l0.4,1.0,1.6538,1.0,1
54,cross,14,1065,96,58065,1.0,cross/offaxis/l1,0.1944,1.2957,0.1944,12
55,cross,14,1065,96,50065,0.05,cross/offaxis/l0.05,1.0,1.1654,1.0,0
56,cross,14,1065,96,50065,0.1,cross/offaxis/l0.1,1.0,1.191,1.0,0
57,cross,14,1065,96,50065,0.2,cross/offaxis/l0.2,1.0,1.3012,1.0,0
58,cross,14,1065,96,50065,0.4,cross/offaxis/l0.4,1.0,1.6841,1.0,3
59,cross,14,1065,96,50065,1.0,cross/offaxis/l1,0.1893,1.3146,0.1326,12
60,cross,14,1065,96,49065,0.05,cross/offaxis/l0.05,1.0,1.1675,1.0,0
61,cross,14,1065,96,49065,0.1,cross/offaxis/l0.1,1.0,1.1874,1.0,0
62,cross,14,1065,96,49065,0.2,cross/offaxis/l0.2,1.0,1.3045,1.0,0
63,cross,14,1065,96,49065,0.4,cross/offaxis/l0.4,1.0,1.7409,1.0,3
64,cross,14,1065,96,49065,1.0,cross/offaxis/l1,0.1944,1.2957,0.1944,12
65,cross,14,1065,96,56065,0.05,cross/offaxis/l0.05,1.0,1.1658,1.0,0
66,cross,14,1065,96,56065,0.1,cross/offaxis/l0.1,1.0,1.1878,1.0,0
67,cross,14,1065,96,56065,0.2,cross/offaxis/l0.2,1.0,1.3229,1.0,0
68,cross,14,1065,96,56065,0.4,cross/offaxis/l0.4,1.0,1.6791,1.0,3
69,cross,14,1065,96,56065,1.0,cross/offaxis/l1,0.1944,1.2957,0.1944,12
70,cross,14,1065,96,20065,0.05,cross/offaxis/l0.05,1.0,1.1659,1.0,0
71,cross,14,1065,96,20065,0.1,cross/offaxis/l0.1,1.0,1.1871,1.0,0
72,cross,14,1065,96,20065,0.2,cross/offaxis/l0.2,1.0,1.3117,1.0,0
73,cross,14,1065,96,20065,0.4,cross/offaxis/l0.4,1.0,1.7228,1.0,3
74,cross,14,1065,96,20065,1.0,cross/offaxis/l1,0.1944,1.2957,0.1944,6
75,cross,14,1065,100,3065,0.05,cross/offaxis/l0.05,1.0,1.1546,1.0,0
76,cross,14,1065,100,3065,0.1,cross/offaxis/l0.1,1.0,1.1558,1.0,0
77,cross,14,1065,100,3065,0.2,cross/offaxis/l0.2,1.0,1.1646,1.0,0
78,cross,14,1065,100,3065,0.4,cross/offaxis/l0.4,1.0,1.2149,1.0,0
79,cross,14,1065,100,3065,1.0,cross/offaxis/l1,0.1577,1.4154,0.1436,12
80,cross,14,1065,100,10065,0.05,cross/offaxis/l0.05,1.0,1.1549,1.0,0
81,cross,14,1065,100,10065,0.1,cross/offaxis/l0.1,1.0,1.1565,1.0,0
82,cross,14,1065,100,10065,0.2,cross/offaxis/l0.2,1.0,1.1663,1.0,0
83,cross,14,1065,100,10065,0.4,cross/offaxis/l0.4,1.0,1.2282,1.0,0
84,cross,14,1065,100,10065,1.0,cross/offaxis/l1,0.1561,1.4192,0.1393,12
85,cross,14,1065,100,10065,0.05,cross/offaxis/l0.05,1.0,1.1552,1.0,0
86,cross,14,1065,100,10065,0.1,cross/offaxis/l0.1,1.0,1.1565,1.0,0
87,cross,14,1065,100,10065,0.2,cross/offaxis/l0.2,1.0,1.1634,1.0,0
88,cross,14,1065,100,10065,0.4,cross/offaxis/l0.4,1.0,1.221,1.0,0
89,cross,14,1065,100,10065,1.0,cross/offaxis/l1,0.1561,1.4192,0.1393,12
90,cross,14,1065,100,12065,0.05,cross/offaxis/l0.05,1.0,1.155,1.0,0
91,cross,14,1065,100,12065,0.1,cross/offaxis/l0.1,1.0,1.1563,1.0,0
92,cross,14,1065,100,12065,0.2,cross/offaxis/l0.2,1.0,1.1664,1.0,0
93,cross,14,1065,100,12065,0.4,cross/offaxis/l0.4,1.0,1.2163,1.0,0
94,cross,14,1065,100,12065,1.0,cross/offaxis/l1,0.157,1.4169,0.1397,12
95,cross,14,1065,100,8065,0.05,cross/offaxis/l0.05,1.0,1.1551,1.0,0
96,cross,14,1065,100,8065,0.1,cross/offaxis/l0.1,1.0,1.1565,1.0,0
97,cross,14,1065,100,8065,0.2,cross/offaxis/l0.2,1.0,1.1635,1.0,0
98,cross,14,1065,100,8065,0.4,cross/offaxis/l0.4,1.0,1.2354,1.0,0
99,cross,14,1065,100,8065,1.0,cross/offaxis/l1,0.1565,1.4182,0.1423,12
100,cross,14,1065,100,20065,0.05,cross/offaxis/l0.05,1.0,1.1547,1.0,0
101,cross,14,1065,100,20065,0.1,cross/offaxis/l0.1,1.0,1.1553,1.0,0
102,cross,14,1065,100,20065,0.2,cross/offaxis/l0.2,1.0,1.1611,1.0,0
103,cross,14,1065,100,20065,0.4,cross/offaxis/l0.4,1.0,1.1991,1.0,0
104,cross,14,1065,100,20065,1.0,cross/offaxis/l1,0.1612,1.4067,0.1541,12
105,cross,14,1065,31,7065,0.05,cross/offaxis/l0.05,1.0,1.1583,1.0,0
106,cross,14,1065,31,7065,0.1,cross/offaxis/l0.1,1.0,1.1625,1.0,0
107,cross,14,1065,31,7065,0.2,cross/offaxis/l0.2,1.0,1.1866,1.0,0
108,cross,14,1065,31,7065,0.4,cross/offaxis/l0.4,1.0,1.3414,1.0,0
109,cross,14,1065,31,7065,1.0,cross/offaxis/l1,0.1569,1.4172,0.147,12
110,cross,14,1065,31,2065,0.05,cross/offaxis/l0.05,1.0,1.1564,1.0,0
111,cross,14,1065,31,2065,0.1,cross/offaxis/l0.1,1.0,1.1571,1.0,0
112,cross,14,1065,31,2065,0.2,cross/offaxis/l0.2,1.0,1.1733,1.0,0
113,cross,14,1065,31,2065,0.4,cross/offaxis/l0.4,1.0,1.2805,1.0,0
114,cross,14,1065,31,2065,1.0,cross/offaxis/l1,0.1582,1.4141,0.155,12
115,cross,14,1065,31,65,0.05,cross/offaxis/l0.05,1.0,1.159,1.0,0
116,cross,14,1065,31,65,0.1,cross/offaxis/l0.1,1.0,1.1642,1.0,0
117,cross,14,1065,31,65,0.2,cross/offaxis/l0.2,1.0,1.1902,1.0,0
118,cross,14,1065,31,65,0.4,cross/offaxis/l0.4,1.0,1.3693,1.0,0
119,cross,14,1065,31,65,1.0,cross/offaxis/l1,0.1582,1.4141,0.1401,12
120,cross,14,1065,31,2065,0.05,cross/offaxis/l0.05,1.0,1.1577,1.0,0
121,cross,14,1065,31,2065,0.1,cross/offaxis/l0.1,1.0,1.1599,1.0,0
122,cross,14,1065,31,2065,0.2,cross/offaxis/l0.2,1.0,1.1767,1.0,0
123,cross,14,1065,31,2065,0.4,cross/offaxis/l0.4,1.0,1.2982,1.0,0
124,cross,14,1065,31,2065,1.0,cross/offaxis/l1,0.1582,1.4141,0.155,12
125,cross,14,1065,31,3065,0.05,cross/offaxis/l0.05,1.0,1.1609,1.0,0
126,cross,14,1065,31,3065,0.1,cross/offaxis/l0.1,1.0,1.1622,1.0,0
127,cross,14,1065,31,3065,0.2,cross/offaxis/l0.2,1.0,1.1884,1.0,0
128,cross,14,1065,31,3065,0.4,cross/offaxis/l0.4,1.0,1.3695,1.0,0
129,cross,14,1065,31,3065,1.0,cross/offaxis/l1,0.1618,1.4052,0.1618,12
130,cross,14,1065,31,5065,0.05,cross/offaxis/l0.05,1.0,1.16,1.0,0
131,cross,14,1065,31,5065,0.1,cross/offaxis/l0.1,1.0,1.1643,1.0,0
132,cross,14,1065,31,5065,0.2,cross/offaxis/l0.2,1.0,1.1905,1.0,0
133,cross,14,1065,31,5065,0.4,cross/offaxis/l0.4,1.0,1.3946,1.0,0
134,cross,14,1065,31,5065,1.0,cross/offaxis/l1,0.1622,1.4041,0.1622,12
135,cross,14,1065,31,6065,0.05,cross/offaxis/l0.05,1.0,1.1569,1.0,0
136,cross,14,1065,31,6065,0.1,cross/offaxis/l0.1,1.0,1.1594,1.0,0
137,cross,14,1065,31,6065,0.2,cross/offaxis/l0.2,1.0,1.178,1.0,0
138,cross,14,1065,31,6065,0.4,cross/offaxis/l0.4,1.0,1.3572,1.0,0
139,cross,14,1065,31,6065,1.0,cross/offaxis/l1,0.1567,1.4178,0.141,12
140,cross,14,1065,31,65,0.05,cross/offaxis/l0.05,1.0,1.1566,1.0,0
141,cross,14,1065,31,65,0.1,cross/offaxis/l0.1,1.0,1.1623,1.0,0
142,cross,14,1065,31,65,0.2,cross/offaxis/l0.2,1.0,1.1891,1.0,0
143,cross,14,1065,31,65,0.4,cross/offaxis/l0.4,1.0,1.3826,1.0,0
144,cross,14,1065,31,65,1.0,cross/offaxis/l1,0.1582,1.4141,0.1401,12
145,cross,14,1065,77,3065,0.05,cross/offaxis/l0.05,1.0,1.1547,1.0,0
146,cross,14,1065,77,3065,0.1,cross/offaxis/l0.1,1.0,1.1644,1.0,0
147,cross,14,1065,77,3065,0.2,cross/offaxis/l0.2,1.0,1.203,1.0,0
148,cross,14,1065,77,3065,0.4,cross/offaxis/l0.4,1.0,1.2473,1.0,0
149,cross,14,1065,77,3065,1.0,cross/offaxis/l1,0.1668,1.3911,0.1511,12
150,cross,14,1065,77,7065,0.05,cross/offaxis/l0.05,1.0,1.1545,1.0,0
151,cross,14,1065,77,7065,0.1,cross/offaxis/l0.1,1.0,1.1564,1.0,0
152,cross,14,1065,77,7065,0.2,cross/offaxis/l0.2,1.0,1.1722,1.0,0
153,cross,14,1065,77,7065,0.4,cross/offaxis/l0.4,1.0,1.2299,1.0,0
154,cross,14,1065,77,7065,1.0,cross/offaxis/l1,0.1622,1.4042,0.1325,12
155,cross,14,1065,77,5065,0.05,cross/offaxis/l0.05,1.0,1.1557,1.0,0
156,cross,14,1065,77,5065,0.1,cross/offaxis/l0.1,1.0,1.1629,1.0,0
157,cross,14,1065,77,5065,0.2,cross/offaxis/l0.2,1.0,1.1814,1.0,0
158,cross,14,1065,77,5065,0.4,cross/offaxis/l0.4,1.0,1.2376,1.0,0
159,cross,14,1065,77,5065,1.0,cross/offaxis/l1,0.1636,1.4003,0.1509,12
160,cross,14,1065,77,5065,0.05,cross/offaxis/l0.05,1.0,1.1574,1.0,0
161,cross,14,1065,77,5065,0.1,cross/offaxis/l0.1,1.0,1.1724,1.0,0
162,cross,14,1065,77,5065,0.2,cross/offaxis/l0.2,1.0,1.178,1.0,0
163,cross,14,1065,77,5065,0.4,cross/offaxis/l0.4,1.0,1.2372,1.0,0
164,cross,14,1065,77,5065,1.0,cross/offaxis/l1,0.1636,1.4003,0.1509,12
165,cross,14,1065,178,65,0.05,cross/offaxis/l0.05,1.0,1.1568,1.0,0
166,cross,14,1065,178,65,0.1,cross/offaxis/l0.1,1.0,1.1619,1.0,0
167,cross,14,1065,178,65,0.2,cross/offaxis/l0.2,1.0,1.2054,1.0,0
168,cross,14,1065,178,65,0.4,cross/offaxis/l0.4,1.0,1.4285,1.0,0
169,cross,14,1065,178,65,1.0,cross/offaxis/l1,0.1596,1.4109,0.1568,12
170,cross,14,1065,178,65,0.05,cross/offaxis/l0.05,1.0,1.1569,1.0,0
171,cross,14,1065,178,65,0.1,cross/offaxis/l0.1,1.0,1.1609,1.0,0
172,cross,14,1065,178,65,0.2,cross/offaxis/l0.2,1.0,1.1971,1.0,0
173,cross,14,1065,178,65,0.4,cross/offaxis/l0.4,1.0,1.4121,1.0,0
174,cross,14,1065,178,65,1.0,cross/offaxis/l1,0.1596,1.4109,0.1568,12
175,cross,14,1065,178,65,0.05,cross/offaxis/l0.05,1.0,1.1555,1.0,0
176,cross,14,1065,178,65,0.1,cross/offaxis/l0.1,1.0,1.1613,1.0,0
177,cross,14,1065,178,65,0.2,cross/offaxis/l0.2,1.0,1.1848,1.0,0
178,cross,14,1065,178,65,0.4,cross/offaxis/l0.4,1.0,1.3861,1.0,0
179,cross,14,1065,178,65,1.0,cross/offaxis/l1,0.1596,1.4109,0.1568,12
180,cross,14,1065,178,1065,0.05,cross/offaxis/l0.05,1.0,1.1601,1.0,0
181,cross,14,1065,178,1065,0.1,cross/offaxis/l0.1,1.0,1.1799,1.0,0
182,cross,14,1065,178,1065,0.2,cross/offaxis/l0.2,1.0,1.28,1.0,0
183,cross,14,1065,178,1065,0.4,cross/offaxis/l0.4,1.0,1.7189,1.0,0
184,cross,14,1065,178,1065,1.0,cross/offaxis/l1,0.158,1.4146,0.1554,12
185,cross,14,1065,178,1065,0.05,cross/offaxis/l0.05,1.0,1.16,1.0,0
186,cross,14,1065,178,1065,0.1,cross/offaxis/l0.1,1.0,1.1797,1.0,0
187,cross,14,1065,178,1065,0.2,cross/offaxis/l0.2,1.0,1.2999,1.0,0
188,cross,14,1065,178,1065,0.4,cross/offaxis/l0.4,1.0,1.7108,1.0,0
189,cross,14,1065,178,1065,1.0,cross/offaxis/l1,0.158,1.4146,0.1554,12
190,cross,14,1065,33,65,0.05,cross/offaxis/l0.05,1.0,1.1662,1.0,0
191,cross,14,1065,33,65,0.1,cross/offaxis/l0.1,1.0,1.1874,1.0,0
192,cross,14,1065,33,65,0.2,cross/offaxis/l0.2,1.0,1.3018,1.0,0
193,cross,14,1065,33,65,0.4,cross/offaxis/l0.4,1.0,1.71,1.0,0
194,cross,14,1065,33,65,1.0,cross/offaxis/l1,0.1857,1.3277,0.1857,12
195,cross,14,1065,33,1065,0.05,cross/offaxis/l0.05,1.0,1.1541,1.0,0
196,cross,14,1065,33,1065,0.1,cross/offaxis/l0.1,1.0,1.1553,1.0,0
197,cross,14,1065,33,1065,0.2,cross/offaxis/l0.2,1.0,1.1608,1.0,0
198,cross,14,1065,33,1065,0.4,cross/offaxis/l0.4,1.0,1.2108,1.0,4
199,cross,14,1065,33,1065,1.0,cross/offaxis/l1,0.1659,1.3938,0.1659,12
200,cross,14,1065,33,2065,0.05,cross/offaxis/l0.05,1.0,1.1657,1.0,0
201,cross,14,1065,33,2065,0.1,cross/offaxis/l0.1,1.0,1.1892,1.0,0
202,cross,14,1065,33,2065,0.2,cross/offaxis/l0.2,1.0,1.2937,1.0,0
203,cross,14,1065,33,2065,0.4,cross/offaxis/l0.4,1.0,1.6985,1.0,0
204,cross,14,1065,33,2065,1.0,cross/offaxis/l1,0.1734,1.3706,0.1581,12
205,cross,14,1065,33,1065,0.05,cross/offaxis/l0.05,1.0,1.1556,1.0,0
206,cross,14,1065,33,1065,0.1,cross/offaxis/l0.1,1.0,1.1557,1.0,0
207,cross,14,1065,33,1065,0.2,cross/offaxis/l0.2,1.0,1.1595,1.0,0
208,cross,14,1065,33,1065,0.4,cross/offaxis/l0.4,1.0,1.1884,1.0,5
209,cross,14,1065,33,1065,1.0,cross/offaxis/l1,0.1659,1.3938,0.1659,12
210,cross,14,1065,3,3065,0.05,cross/offaxis/l0.05,1.0,1.1637,1.0,0
211,cross,14,1065,3,3065,0.1,cross/offaxis/l0.1,1.0,1.1775,1.0,0
212,cross,14,1065,3,3065,0.2,cross/offaxis/l0.2,1.0,1.2576,1.0,0
213,cross,14,1065,3,3065,0.4,cross/offaxis/l0.4,1.0,1.5936,1.0,0
214,cross,14,1065,3,3065,1.0,cross/offaxis/l1,0.1893,1.3146,0.1893,12
215,cross,14,1065,3,3065,0.05,cross/offaxis/l0.05,1.0,1.1635,1.0,0
216,cross,14,1065,3,3065,0.1,cross/offaxis/l0.1,1.0,1.1761,1.0,0
217,cross,14,1065,3,3065,0.2,cross/offaxis/l0.2,1.0,1.2479,1.0,0
218,cross,14,1065,3,3065,0.4,cross/offaxis/l0.4,1.0,1.6146,1.0,0
219,cross,14,1065,3,3065,1.0,cross/offaxis/l1,0.1893,1.3146,0.1893,12
220,cross,14,1065,3,3065,0.05,cross/offaxis/l0.05,1.0,1.1638,1.0,0
221,cross,14,1065,3,3065,0.1,cross/offaxis/l0.1,1.0,1.1766,1.0,0
222,cross,14,1065,3,3065,0.2,cross/offaxis/l0.2,1.0,1.2482,1.0,0
223,cross,14,1065,3,3065,0.4,cross/offaxis/l0.4,1.0,1.6638,1.0,0
224,cross,14,1065,3,3065,1.0,cross/offaxis/l1,0.1893,1.3146,0.1893,12
225,cross,14,1065,3,3065,0.05,cross/offaxis/l0.05,1.0,1.1637,1.0,0
226,cross,14,1065,3,3065,0.1,cross/offaxis/l0.1,1.0,1.1736,1.0,0
227,cross,14,1065,3,3065,0.2,cross/offaxis/l0.2,1.0,1.2474,1.0,0
228,cross,14,1065,3,3065,0.4,cross/offaxis/l0.4,1.0,1.6301,1.0,0
229,cross,14,1065,3,3065,1.0,cross/offaxis/l1,0.1893,1.3146,0.1893,12
230,cross,14,1065,3,1065,0.05,cross/offaxis/l0.05,1.0,1.1633,1.0,0
231,cross,14,1065,3,1065,0.1,cross/offaxis/l0.1,1.0,1.1806,1.0,0
232,cross,14,1065,3,1065,0.2,cross/offaxis/l0.2,1.0,1.2599,1.0,0
233,cross,14,1065,3,1065,0.4,cross/offaxis/l0.4,1.0,1.6003,1.0,0
234,cross,14,1065,3,1065,1.0,cross/offaxis/l1,0.1893,1.3146,0.1893,11
235,cross,14,1065,3,3065,0.05,cross/offaxis/l0.05,1.0,1.1639,1.0,0
236,cross,14,1065,3,3065,0.1,cross/offaxis/l0.1,1.0,1.1764,1.0,0
237,cross,14,1065,3,3065,0.2,cross/offaxis/l0.2,1.0,1.2379,1.0,0
238,cross,14,1065,3,3065,0.4,cross/offaxis/l0.4,1.0,1.5886,1.0,0
239,cross,14,1065,3,3065,1.0,cross/offaxis/l1,0.1893,1.3146,0.1893,12
240,cross,14,1065,3,65,0.05,cross/offaxis/l0.05,1.0,1.1633,1.0,0
241,cross,14,1065,3,65,0.1,cross/offaxis/l0.1,1.0,1.1784,1.0,0
242,cross,14,1065,3,65,0.2,cross/offaxis/l0.2,1.0,1.2437,1.0,0
243,cross,14,1065,3,65,0.4,cross/offaxis/l0.4,1.0,1.6098,1.0,0
244,cross,14,1065,3,65,1.0,cross/offaxis/l1,0.1893,1.3146,0.1893,12
245,cross,14,1065,11,3065,0.05,cross/offaxis/l0.05,1.0,1.1563,1.0,0
246,cross,14,1065,11,3065,0.1,cross/offaxis/l0.1,1.0,1.1645,1.0,0
247,cross,14,1065,11,3065,0.2,cross/offaxis/l0.2,1.0,1.2062,1.0,0
248,cross,14,1065,11,3065,0.4,cross/offaxis/l0.4,1.0,1.466,1.0,0
249,cross,14,1065,11,3065,1.0,cross/offaxis/l1,0.1602,1.4093,0.1527,12
250,cross,14,1065,11,1065,0.05,cross/offaxis/l0.05,1.0,1.1562,1.0,0
251,cross,14,1065,11,1065,0.1,cross/offaxis/l0.1,1.0,1.1685,1.0,0
252,cross,14,1065,11,1065,0.2,cross/offaxis/l0.2,1.0,1.2224,1.0,0
253,cross,14,1065,11,1065,0.4,cross/offaxis/l0.4,1.0,1.494,1.0,0
254,cross,14,1065,11,1065,1.0,cross/offaxis/l1,0.1621,1.4045,0.1563,12
255,cross,14,1065,56,2065,0.05,cross/offaxis/l0.05,1.0,1.1653,1.0,0
256,cross,14,1065,56,2065,0.1,cross/offaxis/l0.1,1.0,1.1867,1.0,0
257,cross,14,1065,56,2065,0.2,cross/offaxis/l0.2,1.0,1.2913,1.0,0
258,cross,14,1065,56,2065,0.4,cross/offaxis/l0.4,1.0,1.766,1.0,1
259,cross,14,1065,56,2065,1.0,cross/offaxis/l1,0.1659,1.3937,0.1054,12
260,cross,14,1065,56,1065,0.05,cross/offaxis/l0.05,1.0,1.1671,1.0,0
261,cross,14,1065,56,1065,0.1,cross/offaxis/l0.1,1.0,1.1876,1.0,0
262,cross,14,1065,56,1065,0.2,cross/offaxis/l0.2,1.0,1.2925,1.0,0
263,cross,14,1065,56,1065,0.4,cross/offaxis/l0.4,1.0,1.6975,1.0,1
264,cross,14,1065,56,1065,1.0,cross/offaxis/l1,0.1745,1.3669,0.1657,12
265,cross,14,1065,56,1065,0.05,cross/offaxis/l0.05,1.0,1.1661,1.0,0
266,cross,14,1065,56,1065,0.1,cross/offaxis/l0.1,1.0,1.1877,1.0,0
267,cross,14,1065,56,1065,0.2,cross/offaxis/l0.2,1.0,1.2905,1.0,0
268,cross,14,1065,56,1065,0.4,cross/offaxis/l0.4,1.0,1.7096,1.0,1
269,cross,14,1065,56,1065,1.0,cross/offaxis/l1,0.1745,1.3669,0.1657,12
270,cross,14,1065,56,2065,0.05,cross/offaxis/l0.05,1.0,1.1659,1.0,0
271,cross,14,1065,56,2065,0.1,cross/offaxis/l0.1,1.0,1.183,1.0,0
272,cross,14,1065,56,2065,0.2,cross/offaxis/l0.2,1.0,1.2954,1.0,0
273,cross,14,1065,56,2065,0.4,cross/offaxis/l0.4,1.0,1.707,1.0,1
274,cross,14,1065,56,2065,1.0,cross/offaxis/l1,0.1659,1.3937,0.1054,12
275,cross,14,1065,56,1065,0.05,cross/offaxis/l0.05,1.0,1.1663,1.0,0
276,cross,14,1065,56,1065,0.1,cross/offaxis/l0.1,1.0,1.1862,1.0,0
277,cross,14,1065,56,1065,0.2,cross/offaxis/l0.2,1.0,1.2968,1.0,0
278,cross,14,1065,56,1065,0.4,cross/offaxis/l0.4,1.0,1.7081,1.0,3
279,cross,14,1065,56,1065,1.0,cross/offaxis/l1,0.1745,1.3669,0.1657,12
280,cross,14,1065,16,65,0.05,cross/offaxis/l0.05,1.0,1.159,1.0,0
281,cross,14,1065,16,65,0.1,cross/offaxis/l0.1,1.0,1.1775,1.0,0
282,cross,14,1065,16,65,0.2,cross/offaxis/l0.2,1.0,1.2625,1.0,0
283,cross,14,1065,16,65,0.4,cross/offaxis/l0.4,1.0,1.6957,1.0,0
284,cross,14,1065,16,65,1.0,cross/offaxis/l1,0.1551,1.4212,0.1488,12
285,cross,14,1065,16,1065,0.05,cross/offaxis/l0.05,1.0,1.1612,1.0,0
286,cross,14,1065,16,1065,0.1,cross/offaxis/l0.1,1.0,1.1747,1.0,0
287,cross,14,1065,16,1065,0.2,cross/offaxis/l0.2,1.0,1.269,1.0,0
288,cross,14,1065,16,1065,0.4,cross/offaxis/l0.4,1.0,1.7405,1.0,0
289,cross,14,1065,16,1065,1.0,cross/offaxis/l1,0.1543,1.4229,0.1476,12
290,cross,14,1065,16,1065,0.05,cross/offaxis/l0.05,1.0,1.1618,1.0,0
291,cross,14,1065,16,1065,0.1,cross/offaxis/l0.1,1.0,1.1744,1.0,0
292,cross,14,1065,16,1065,0.2,cross/offaxis/l0.2,1.0,1.2727,1.0,0
293,cross,14,1065,16,1065,0.4,cross/offaxis/l0.4,1.0,1.7135,1.0,0
294,cross,14,1065,16,1065,1.0,cross/offaxis/l1,0.1543,1.4229,0.1476,12
295,cross,14,1065,16,65,0.05,cross/offaxis/l0.05,1.0,1.1592,1.0,0
296,cross,14,1065,16,65,0.1,cross/offaxis/l0.1,1.0,1.1765,1.0,0
297,cross,14,1065,16,65,0.2,cross/offaxis/l0.2,1.0,1.273,1.0,0
298,cross,14,1065,16,65,0.4,cross/offaxis/l0.4,1.0,1.7635,1.0,0
299,cross,14,1065,16,65,1.0,cross/offaxis/l1,0.1551,1.4212,0.1488,12
300,cross,14,1065,16,2065,0.05,cross/offaxis/l0.05,1.0,1.1614,1.0,0
301,cross,14,1065,16,2065,0.1,cross/offaxis/l0.1,1.0,1.1759,1.0,0
302,cross,14,1065,16,2065,0.2,cross/offaxis/l0.2,1.0,1.2615,1.0,0
303,cross,14,1065,16,2065,0.4,cross/offaxis/l0.4,1.0,1.7284,1.0,0
304,cross,14,1065,16,2065,1.0,cross/offaxis/l1,0.155,1.4215,0.1497,12
305,cross,14,1065,16,65,0.05,cross/offaxis/l0.05,1.0,1.1633,1.0,0
306,cross,14,1065,16,65,0.1,cross/offaxis/l0.1,1.0,1.176,1.0,0
307,cross,14,1065,16,65,0.2,cross/offaxis/l0.2,1.0,1.2758,1.0,0
308,cross,14,1065,16,65,0.4,cross/offaxis/l0.4,1.0,1.7312,1.0,0
309,cross,14,1065,16,65,1.0,cross/offaxis/l1,0.1551,1.4212,0.1488,12
310,cross,14,1065,53,65,0.05,cross/offaxis/l0.05,1.0,1.156,1.0,0
311,cross,14,1065,53,65,0.1,cross/offaxis/l0.1,1.0,1.1701,1.0,0
312,cross,14,1065,53,65,0.2,cross/offaxis/l0.2,1.0,1.226,1.0,0
313,cross,14,1065,53,65,0.4,cross/offaxis/l0.4,1.0,1.5082,1.0,0
314,cross,14,1065,53,65,1.0,cross/offaxis/l1,0.1608,1.4077,0.1481,12
315,cross,14,1065,53,65,0.05,cross/offaxis/l0.05,1.0,1.1558,1.0,0
316,cross,14,1065,53,65,0.1,cross/offaxis/l0.1,1.0,1.1655,1.0,0
317,cross,14,1065,53,65,0.2,cross/offaxis/l0.2,1.0,1.2348,1.0,0
318,cross,14,1065,53,65,0.4,cross/offaxis/l0.4,1.0,1.554,1.0,0
319,cross,14,1065,53,65,1.0,cross/offaxis/l1,0.1608,1.4077,0.1481,12
320,cross,14,1065,53,2065,0.05,cross/offaxis/l0.05,1.0,1.1569,1.0,0
321,cross,14,1065,53,2065,0.1,cross/offaxis/l0.1,1.0,1.1642,1.0,0
322,cross,14,1065,53,2065,0.2,cross/offaxis/l0.2,1.0,1.2158,1.0,0
323,cross,14,1065,53,2065,0.4,cross/offaxis/l0.4,1.0,1.5438,1.0,0
324,cross,14,1065,53,2065,1.0,cross/offaxis/l1,0.1563,1.4187,0.1491,12
325,cross,14,1065,53,2065,0.05,cross/offaxis/l0.05,1.0,1.1568,1.0,0
326,cross,14,1065,53,2065,0.1,cross/offaxis/l0.1,1.0,1.1658,1.0,0
327,cross,14,1065,53,2065,0.2,cross/offaxis/l0.2,1.0,1.2113,1.0,0
328,cross,14,1065,53,2065,0.4,cross/offaxis/l0.4,1.0,1.5176,1.0,0
329,cross,14,1065,53,2065,1.0,cross/offaxis/l1,0.1563,1.4187,0.1491,12
330,cross,14,1065,53,1065,0.05,cross/offaxis/l0.05,1.0,1.1575,1.0,0
331,cross,14,1065,53,1065,0.1,cross/offaxis/l0.1,1.0,1.1692,1.0,0
332,cross,14,1065,53,1065,0.2,cross/offaxis/l0.2,1.0,1.243,1.0,0
333,cross,14,1065,53,1065,0.4,cross/offaxis/l0.4,1.0,1.5992,1.0,0
334,cross,14,1065,53,1065,1.0,cross/offaxis/l1,0.1585,1.4136,0.1524,12
335,cross,14,1065,53,2065,0.05,cross/offaxis/l0.05,1.0,1.1589,1.0,0
336,cross,14,1065,53,2065,0.1,cross/offaxis/l0.1,1.0,1.168,1.0,0
337,cross,14,1065,53,2065,0.2,cross/offaxis/l0.2,1.0,1.2249,1.0,0
338,cross,14,1065,53,2065,0.4,cross/offaxis/l0.4,1.0,1.5436,1.0,0
339,cross,14,1065,53,2065,1.0,cross/offaxis/l1,0.1563,1.4187,0.1491,12
340,within,100,65,100,12065,0.05,within/offaxis/l0.05,0.0841,2.7077,0.0841,17
341,within,100,65,100,12065,0.1,within/offaxis/l0.1,0.0915,2.6913,0.0915,14
342,within,100,65,100,12065,0.2,within/offaxis/l0.2,0.103,2.6707,0.103,12
343,within,100,65,100,12065,0.4,within/offaxis/l0.4,0.1164,2.6644,0.1164,10
344,within,100,65,100,12065,1.0,within/offaxis/l1,0.0733,1.6369,0.0733,18
345,within,100,65,100,17065,0.05,within/offaxis/l0.05,0.0817,2.7243,0.0817,17
346,within,100,65,100,17065,0.1,within/offaxis/l0.1,0.0954,2.6748,0.0954,13
347,within,100,65,100,17065,0.2,within/offaxis/l0.2,0.1044,2.6777,0.1044,12
348,within,100,65,100,17065,0.4,within/offaxis/l0.4,0.1173,2.6614,0.1173,10
349,within,100,65,100,17065,1.0,within/offaxis/l1,0.0732,1.6206,0.0732,18
350,within,100,65,100,11065,0.05,within/offaxis/l0.05,0.0835,2.704,0.0835,16
351,within,100,65,100,11065,0.1,within/offaxis/l0.1,0.0937,2.6827,0.0937,13
352,within,100,65,100,11065,0.2,within/offaxis/l0.2,0.103,2.6778,0.103,12
353,within,100,65,100,11065,0.4,within/offaxis/l0.4,0.118,2.6552,0.118,10
354,within,100,65,100,11065,1.0,within/offaxis/l1,0.0732,1.6219,0.0732,18
355,within,100,65,100,15065,0.05,within/offaxis/l0.05,0.0833,2.713,0.0833,18
356,within,100,65,100,15065,0.1,within/offaxis/l0.1,0.0946,2.6716,0.0946,14
357,within,100,65,100,15065,0.2,within/offaxis/l0.2,0.1042,2.666,0.1042,12
358,within,100,65,100,15065,0.4,within/offaxis/l0.4,0.1186,2.6548,0.1186,10
359,within,100,65,100,15065,1.0,within/offaxis/l1,0.0738,1.6131,0.0738,18
360,within,100,65,100,10065,0.05,within/offaxis/l0.05,0.0851,2.7058,0.0851,18
361,within,100,65,100,10065,0.1,within/offaxis/l0.1,0.0907,2.6992,0.0907,15
362,within,100,65,100,10065,0.2,within/offaxis/l0.2,0.1032,2.6716,0.1032,12
363,within,100,65,100,10065,0.4,within/offaxis/l0.4,0.1169,2.6624,0.1169,10
364,within,100,65,100,10065,1.0,within/offaxis/l1,0.072,1.6296,0.072,18
365,within,100,65,100,6065,0.05,within/offaxis/l0.05,0.0854,2.6987,0.0854,17
366,within,100,65,100,6065,0.1,within/offaxis/l0.1,0.0972,2.6652,0.0972,14
367,within,100,65,100,6065,0.2,within/offaxis/l0.2,0.1037,2.6695,0.1037,12
368,within,100,65,100,6065,0.4,within/offaxis/l0.4,0.1188,2.6532,0.1188,10
369,within,100,65,100,6065,1.0,within/offaxis/l1,0.0755,1.605,0.0755,18
370,within,100,65,100,13065,0.05,within/offaxis/l0.05,0.0838,2.7175,0.0838,18
371,within,100,65,100,13065,0.1,within/offaxis/l0.1,0.0927,2.681,0.0927,14
372,within,100,65,100,13065,0.2,within/offaxis/l0.2,0.1031,2.6789,0.1031,12
373,within,100,65,100,13065,0.4,within/offaxis/l0.4,0.1183,2.6591,0.1183,10
374,within,100,65,100,13065,1.0,within/offaxis/l1,0.0742,1.6131,0.0742,18
375,cross,16,1065,178,65,0.05,cross/aligned/l0.05,1.0,2.2183,1.0,0
376,cross,16,1065,178,65,0.1,cross/aligned/l0.1,0.9326,1.5899,0.881,0
377,cross,16,1065,178,65,0.2,cross/aligned/l0.2,0.8691,1.0906,0.8503,0
378,cross,16,1065,178,65,0.4,cross/aligned/l0.4,0.8466,1.0099,0.8415,0
379,cross,16,1065,178,65,1.0,cross/aligned/l1,0.8379,1.0005,0.8358,0
380,cross,33,2065,53,2065,0.05,cross/aligned/l0.05,0.6801,1.8446,0.6699,0
381,cross,33,2065,53,2065,0.1,cross/aligned/l0.1,0.6786,1.8438,0.6662,0
382,cross,33,2065,53,2065,0.2,cross/aligned/l0.2,0.6833,1.8399,0.6614,0
383,cross,33,2065,53,2065,0.4,cross/aligned/l0.4,0.6861,1.8331,0.6638,0
384,cross,33,2065,53,2065,1.0,cross/aligned/l1,0.6546,1.8945,0.6478,0
385,cross,100,17065,16,1065,0.05,cross/aligned/l0.05,1.0,2.0785,1.0,0
386,cross,100,17065,16,1065,0.1,cross/aligned/l0.1,1.0,2.0203,0.7665,0
387,cross,100,17065,16,1065,0.2,cross/aligned/l0.2,0.891,1.3393,0.4117,0
388,cross,100,17065,16,1065,0.4,cross/aligned/l0.4,0.9011,1.1304,0.4918,1
389,cross,100,17065,16,1065,1.0,cross/aligned/l1,0.5695,1.0474,0.3592,9
390,cross,33,2065,11,3065,0.05,cross/aligned/l0.05,0.6799,1.8449,0.6542,0
391,cross,33,2065,11,3065,0.1,cross/aligned/l0.1,0.6809,1.8442,0.6478,0
392,cross,33,2065,11,3065,0.2,cross/aligned/l0.2,0.681,1.8408,0.6376,0
393,cross,33,2065,11,3065,0.4,cross/aligned/l0.4,0.6857,1.8325,0.6477,0
394,cross,33,2065,11,3065,1.0,cross/aligned/l1,0.6472,1.9024,0.6406,0
395,cross,31,7065,3,2065,0.05,cross/aligned/l0.05,1.0,1.8605,1.0,0
396,cross,31,7065,3,2065,0.1,cross/aligned/l0.1,1.0,1.8652,1.0,0
397,cross,31,7065,3,2065,0.2,cross/aligned/l0.2,1.0,1.8982,1.0,0
398,cross,31,7065,3,2065,0.4,cross/aligned/l0.4,1.0,1.9138,1.0,0
399,cross,31,7065,3,2065,1.0,cross/aligned/l1,1.0,1.3264,0.8676,0
400,cross,178,2065,100,7065,0.05,cross/aligned/l0.05,1.0,1.8465,1.0,0
401,cross,178,2065,100,7065,0.1,cross/aligned/l0.1,1.0,1.8549,1.0,0
402,cross,178,2065,100,7065,0.2,cross/aligned/l0.2,1.0,1.8644,1.0,0
403,cross,178,2065,100,7065,0.4,cross/aligned/l0.4,1.0,1.8657,1.0,0
404,cross,178,2065,100,7065,1.0,cross/aligned/l1,0.9028,1.7827,0.7018,0
405,cross,56,65,178,1065,0.05,cross/aligned/l0.05,0.8016,1.457,0.8016,0
406,cross,56,65,178,1065,0.1,cross/aligned/l0.1,0.736,1.084,0.736,0
407,cross,56,65,178,1065,0.2,cross/aligned/l0.2,0.7501,1.0147,0.7501,0
408,cross,56,65,178,1065,0.4,cross/aligned/l0.4,0.7605,1.0024,0.7605,0
409,cross,56,65,178,1065,1.0,cross/aligned/l1,0.7675,1.0003,0.7675,0
410,cross,33,4065,3,3065,0.05,cross/aligned/l0.05,1.0,1.9875,1.0,0
411,cross,33,4065,3,3065,0.1,cross/aligned/l0.1,1.0,1.9774,1.0,0
412,cross,33,4065,3,3065,0.2,cross/aligned/l0.2,1.0,1.9594,1.0,0
413,cross,33,4065,3,3065,0.4,cross/aligned/l0.4,1.0,1.9466,1.0,0
414,cross,33,4065,3,3065,1.0,cross/aligned/l1,1.0,2.0255,1.0,0
415,cross,96,42065,11,2065,0.05,cross/aligned/l0.05,1.0,1.2574,0.5379,1
416,cross,96,42065,11,2065,0.1,cross/aligned/l0.1,0.9641,1.0303,0.796,0
417,cross,96,42065,11,2065,0.2,cross/aligned/l0.2,0.9409,1.0078,0.888,0
418,cross,96,42065,11,2065,0.4,cross/aligned/l0.4,0.9311,1.0012,0.9238,0
419,cross,96,42065,11,2065,1.0,cross/aligned/l1,0.9246,1.0,0.9245,0
420,cross,56,65,14,65,0.05,cross/aligned/l0.05,0.7994,1.5341,0.7994,0
421,cross,56,65,14,65,0.1,cross/aligned/l0.1,0.7283,1.1159,0.7233,0
422,cross,56,65,14,65,0.2,cross/aligned/l0.2,0.741,1.0184,0.7404,0
423,cross,56,65,14,65,0.4,cross/aligned/l0.4,0.7544,1.0028,0.7544,0
424,cross,56,65,14,65,1.0,cross/aligned/l1,0.7684,1.0003,0.7684,0
425,cross,100,14065,53,2065,0.05,cross/aligned/l0.05,0.9353,2.2522,0.9287,0
426,cross,100,14065,53,2065,0.1,cross/aligned/l0.1,0.8272,1.88,0.8272,0
427,cross,100,14065,53,2065,0.2,cross/aligned/l0.2,0.5233,1.4598,0.5233,0
428,cross,100,14065,53,2065,0.4,cross/aligned/l0.4,0.724,1.1767,0.4701,0
429,cross,100,14065,53,2065,1.0,cross/aligned/l1,0.5522,1.0449,0.5378,0
430,cross,96,46065,3,2065,0.05,cross/aligned/l0.05,0.9401,1.174,0.8546,0
431,cross,96,46065,3,2065,0.1,cross/aligned/l0.1,0.9498,1.0418,0.9307,0
432,cross,96,46065,3,2065,0.2,cross/aligned/l0.2,0.9512,1.0089,0.9476,0
433,cross,96,46065,3,2065,0.4,cross/aligned/l0.4,0.951,1.0013,0.9503,0
434,cross,96,46065,3,2065,1.0,cross/aligned/l1,0.9515,1.0001,0.9514,0
435,cross,3,1065,100,13065,0.05,cross/aligned/l0.05,0.9,1.0,0.8365,0
436,cross,3,1065,100,13065,0.1,cross/aligned/l0.1,0.8891,1.0,0.8829,0
437,cross,3,1065,100,13065,0.2,cross/aligned/l0.2,0.8812,1.0,0.8812,0
438,cross,3,1065,100,13065,0.4,cross/aligned/l0.4,0.8822,1.0,0.8822,0
439,cross,3,1065,100,13065,1.0,cross/aligned/l1,0.7195,1.0,0.7195,0
440,cross,96,45065,56,1065,0.05,cross/aligned/l0.05,1.0,1.3557,1.0,0
441,cross,96,45065,56,1065,0.1,cross/aligned/l0.1,1.0,1.364,1.0,0
442,cross,96,45065,56,1065,0.2,cross/aligned/l0.2,1.0,1.4129,1.0,0
443,cross,96,45065,56,1065,0.4,cross/aligned/l0.4,1.0,1.6954,1.0,4
444,cross,96,45065,56,1065,1.0,cross/aligned/l1,1.0,2.1376,0.2726,11
445,cross,33,65,53,65,0.05,cross/aligned/l0.05,1.1109,1.3586,1.1109,0
446,cross,33,65,53,65,0.1,cross/aligned/l0.1,1.1112,1.3568,1.1112,0
447,cross,33,65,53,65,0.2,cross/aligned/l0.2,1.1181,1.3505,1.1181,0
448,cross,33,65,53,65,0.4,cross/aligned/l0.4,1.1394,1.3372,1.1328,0
449,cross,33,65,53,65,1.0,cross/aligned/l1,0.9652,1.493,0.9639,0
450,cross,53,2065,77,3065,0.05,cross/aligned/l0.05,1.0,2.3546,1.0,0
451,cross,53,2065,77,3065,0.1,cross/aligned/l0.1,1.0,2.3577,1.0,0
452,cross,53,2065,77,3065,0.2,cross/aligned/l0.2,1.0,2.3466,1.0,0
453,cross,53,2065,77,3065,0.4,cross/aligned/l0.4,1.0,2.2484,1.0,0
454,cross,53,2065,77,3065,1.0,cross/aligned/l1,1.0124,1.1353,0.6853,7
455,cross,178,2065,33,1065,0.05,cross/aligned/l0.05,1.0,1.8548,1.0,0
456,cross,178,2065,33,1065,0.1,cross/aligned/l0.1,1.0,1.8747,1.0,0
457,cross,178,2065,33,1065,0.2,cross/aligned/l0.2,1.0,1.8774,1.0,0
458,cross,178,2065,33,1065,0.4,cross/aligned/l0.4,1.0,1.8688,1.0,0
459,cross,178,2065,33,1065,1.0,cross/aligned/l1,1.0,1.8746,1.0,0
460,cross,31,7065,53,65,0.05,cross/aligned/l0.05,1.0,1.8868,1.0,0
461,cross,31,7065,53,65,0.1,cross/aligned/l0.1,1.0,1.9167,1.0,0
462,cross,31,7065,53,65,0.2,cross/aligned/l0.2,1.0,1.8491,1.0,0
463,cross,31,7065,53,65,0.4,cross/aligned/l0.4,1.0,1.7674,1.0,0
464,cross,31,7065,53,65,1.0,cross/aligned/l1,1.0,1.2849,1.0,0
465,cross,77,6065,14,1065,0.05,cross/aligned/l0.05,1.0,2.2886,1.0,0
466,cross,77,6065,14,1065,0.1,cross/aligned/l0.1,1.0,2.27,1.0,0
467,cross,77,6065,14,1065,0.2,cross/aligned/l0.2,1.0,2.1131,1.0,0
468,cross,77,6065,14,1065,0.4,cross/aligned/l0.4,1.0,1.7698,1.0,0
469,cross,77,6065,14,1065,1.0,cross/aligned/l1,1.0,1.3583,0.8658,0
470,cross,56,65,33,2065,0.05,cross/aligned/l0.05,0.7109,1.3349,0.7109,0
471,cross,56,65,33,2065,0.1,cross/aligned/l0.1,0.7324,1.0763,0.7324,0
472,cross,56,65,33,2065,0.2,cross/aligned/l0.2,0.7441,1.0129,0.7441,0
473,cross,56,65,33,2065,0.4,cross/aligned/l0.4,0.7567,1.0021,0.7567,0
474,cross,56,65,33,2065,1.0,cross/aligned/l1,0.7694,1.0003,0.7693,0
475,cross,53,2065,96,49065,0.05,cross/aligned/l0.05,1.0,2.3219,1.0,0
476,cross,53,2065,96,49065,0.1,cross/aligned/l0.1,1.0,2.2331,1.0,0
477,cross,53,2065,96,49065,0.2,cross/aligned/l0.2,1.0,2.0391,1.0,0
478,cross,53,2065,96,49065,0.4,cross/aligned/l0.4,1.0,1.4876,1.0,0
479,cross,53,2065,96,49065,1.0,cross/aligned/l1,0.5889,1.1132,0.3739,1
480,cross,100,12065,77,6065,0.05,cross/aligned/l0.05,0.7838,1.5936,0.41,0
481,cross,100,12065,77,6065,0.1,cross/aligned/l0.1,0.6523,1.452,0.4591,0
482,cross,100,12065,77,6065,0.2,cross/aligned/l0.2,0.6786,1.313,0.4778,0
483,cross,100,12065,77,6065,0.4,cross/aligned/l0.4,0.6633,1.1584,0.5943,0
484,cross,100,12065,77,6065,1.0,cross/aligned/l1,0.7241,1.0181,0.4694,0
485,cross,31,8065,14,1065,0.05,cross/aligned/l0.05,1.0,2.2297,1.0,0
486,cross,31,8065,14,1065,0.1,cross/aligned/l0.1,1.0,2.1996,1.0,0
487,cross,31,8065,14,1065,0.2,cross/aligned/l0.2,1.0,2.1296,1.0,0
488,cross,31,8065,14,1065,0.4,cross/aligned/l0.4,1.0,1.8953,1.0,0
489,cross,31,8065,14,1065,1.0,cross/aligned/l1,0.7604,1.364,0.6132,0
490,cross,178,5065,77,3065,0.05,cross/aligned/l0.05,0.9191,2.1096,0.9191,0
491,cross,178,5065,77,3065,0.1,cross/aligned/l0.1,0.8946,2.1308,0.8946,0
492,cross,178,5065,77,3065,0.2,cross/aligned/l0.2,0.8905,2.1038,0.8905,0
493,cross,178,5065,77,3065,0.4,cross/aligned/l0.4,0.8677,2.1293,0.8677,0
494,cross,178,5065,77,3065,1.0,cross/aligned/l1,0.5801,2.1959,0.5801,0
495,cross,33,65,178,3065,0.05,cross/aligned/l0.05,1.1198,1.356,1.1198,0
496,cross,33,65,178,3065,0.1,cross/aligned/l0.1,1.1172,1.3524,1.1172,0
497,cross,33,65,178,3065,0.2,cross/aligned/l0.2,1.1339,1.3425,1.1339,0
498,cross,33,65,178,3065,0.4,cross/aligned/l0.4,1.1384,1.3374,1.1384,0
499,cross,33,65,178,3065,1.0,cross/aligned/l1,0.9821,1.4923,0.9821,0
500,cross,100,19065,14,65,0.05,cross/aligned/l0.05,0.6777,1.2038,0.6201,0
501,cross,100,19065,14,65,0.1,cross/aligned/l0.1,0.6319,1.0428,0.6184,0
502,cross,100,19065,14,65,0.2,cross/aligned/l0.2,0.6093,1.0109,0.6046,0
503,cross,100,19065,14,65,0.4,cross/aligned/l0.4,0.6019,1.0045,0.5993,0
504,cross,100,19065,14,65,1.0,cross/aligned/l1,0.6501,1.0026,0.6324,0
505,cross,178,5065,16,1065,0.05,cross/aligned/l0.05,0.9355,2.0922,0.9355,0
506,cross,178,5065,16,1065,0.1,cross/aligned/l0.1,0.9123,2.1409,0.9123,0
507,cross,178,5065,16,1065,0.2,cross/aligned/l0.2,0.8903,2.1583,0.8876,0
508,cross,178,5065,16,1065,0.4,cross/aligned/l0.4,0.8535,2.1494,0.8202,0
509,cross,178,5065,16,1065,1.0,cross/aligned/l1,0.6335,2.0893,0.6332,0
510,cross,178,5065,100,65,0.05,cross/aligned/l0.05,0.9305,2.0865,0.9305,0
511,cross,178,5065,100,65,0.1,cross/aligned/l0.1,0.9354,2.0642,0.9354,0
512,cross,178,5065,100,65,0.2,cross/aligned/l0.2,0.9381,2.0385,0.9381,0
513,cross,178,5065,100,65,0.4,cross/aligned/l0.4,0.9325,2.0421,0.9325,0
514,cross,178,5065,100,65,1.0,cross/aligned/l1,0.5903,2.1792,0.5903,0
515,cross,33,2065,11,65,0.05,cross/aligned/l0.05,0.68,1.8451,0.6652,0
516,cross,33,2065,11,65,0.1,cross/aligned/l0.1,0.6808,1.8451,0.6345,0
517,cross,33,2065,11,65,0.2,cross/aligned/l0.2,0.6825,1.843,0.6438,0
518,cross,33,2065,11,65,0.4,cross/aligned/l0.4,0.6853,1.8357,0.6707,0
519,cross,33,2065,11,65,1.0,cross/aligned/l1,0.645,1.9046,0.6438,0
520,cross,33,1065,3,2065,0.05,cross/aligned/l0.05,1.0,1.6315,1.0,0
521,cross,33,1065,3,2065,0.1,cross/aligned/l0.1,1.0,1.6055,1.0,0
522,cross,33,1065,3,2065,0.2,cross/aligned/l0.2,1.0,1.5848,1.0,0
523,cross,33,1065,3,2065,0.4,cross/aligned/l0.4,1.0,1.5828,1.0,0
524,cross,33,1065,3,2065,1.0,cross/aligned/l1,1.0,2.1139,0.6907,0
525,cross,178,2065,96,30065,0.05,cross/aligned/l0.05,1.0,1.8377,1.0,0
526,cross,178,2065,96,30065,0.1,cross/aligned/l0.1,1.0,1.8218,1.0,0
527,cross,178,2065,96,30065,0.2,cross/aligned/l0.2,1.0,1.806,1.0,0
528,cross,178,2065,96,30065,0.4,cross/aligned/l0.4,1.0,1.8664,1.0,0
529,cross,178,2065,96,30065,1.0,cross/aligned/l1,0.8016,2.2794,0.6132,0
530,cross,100,9065,16,65,0.05,cross/aligned/l0.05,0.881,1.0287,0.8665,0
531,cross,100,9065,16,65,0.1,cross/aligned/l0.1,0.8682,1.0063,0.8555,0
532,cross,100,9065,16,65,0.2,cross/aligned/l0.2,0.8657,1.0014,0.8597,0
533,cross,100,9065,16,65,0.4,cross/aligned/l0.4,0.8658,1.0005,0.8618,0
534,cross,100,9065,16,65,1.0,cross/aligned/l1,0.8978,1.0003,0.8872,0
535,cross,96,53065,56,1065,0.05,cross/aligned/l0.05,0.8671,1.0046,0.8581,0
536,cross,96,53065,56,1065,0.1,cross/aligned/l0.1,0.9507,1.0011,0.9461,0
537,cross,96,53065,56,1065,0.2,cross/aligned/l0.2,0.9657,1.0002,0.9636,0
538,cross,96,53065,56,1065,0.4,cross/aligned/l0.4,0.9617,1.0,0.9604,0
539,cross,96,53065,56,1065,1.0,cross/aligned/l1,0.9608,1.0,0.9604,0
540,cross,100,1065,3,2065,0.05,cross/aligned/l0.05,0.9665,1.5416,0.7923,0
541,cross,100,1065,3,2065,0.1,cross/aligned/l0.1,0.8985,1.3061,0.8099,0
542,cross,100,1065,3,2065,0.2,cross/aligned/l0.2,0.8779,1.0885,0.8224,0
543,cross,100,1065,3,2065,0.4,cross/aligned/l0.4,0.8799,1.0365,0.8455,0
544,cross,100,1065,3,2065,1.0,cross/aligned/l1,0.8351,1.027,0.8351,0
545,cross,53,2065,16,2065,0.05,cross/aligned/l0.05,1.0,2.3161,1.0,0
546,cross,53,2065,16,2065,0.1,cross/aligned/l0.1,1.0,2.2714,1.0,0
547,cross,53,2065,16,2065,0.2,cross/aligned/l0.2,1.0,2.109,1.0,0
548,cross,53,2065,16,2065,0.4,cross/aligned/l0.4,1.0,1.6209,1.0,0
549,cross,53,2065,16,2065,1.0,cross/aligned/l1,0.8197,1.1341,0.7031,0
550,cross,16,65,77,1065,0.05,cross/aligned/l0.05,1.0,2.2572,1.0,0
551,cross,16,65,77,1065,0.1,cross/aligned/l0.1,1.0,2.42,1.0,0
552,cross,16,65,77,1065,0.2,cross/aligned/l0.2,1.0344,1.9552,1.0344,0
553,cross,16,65,77,1065,0.4,cross/aligned/l0.4,1.0009,1.1096,0.9985,0
554,cross,16,65,77,1065,1.0,cross/aligned/l1,0.988,1.001,0.9876,0
555,cross,100,14065,3,65,0.05,cross/aligned/l0.05,1.0,1.9754,1.0,0
556,cross,100,14065,3,65,0.1,cross/aligned/l0.1,1.0,2.03,1.0,0
557,cross,100,14065,3,65,0.2,cross/aligned/l0.2,0.9181,1.4674,0.915,0
558,cross,100,14065,3,65,0.4,cross/aligned/l0.4,0.8877,1.1701,0.8818,0
559,cross,100,14065,3,65,1.0,cross/aligned/l1,0.614,1.0618,0.614,0
560,cross,96,39065,56,1065,0.05,cross/aligned/l0.05,1.0,1.1595,1.0,0
561,cross,96,39065,56,1065,0.1,cross/aligned/l0.1,1.0,1.1695,1.0,0
562,cross,96,39065,56,1065,0.2,cross/aligned/l0.2,1.0,1.2571,1.0,0
563,cross,96,39065,56,1065,0.4,cross/aligned/l0.4,1.0,1.664,1.0,0
564,cross,96,39065,56,1065,1.0,cross/aligned/l1,1.1228,1.8016,0.6057,7
565,cross,53,2065,56,65,0.05,cross/aligned/l0.05,1.0,2.3123,1.0,0
566,cross,53,2065,56,65,0.1,cross/aligned/l0.1,1.0,2.2498,1.0,0
567,cross,53,2065,56,65,0.2,cross/aligned/l0.2,1.0,2.0437,1.0,0
568,cross,53,2065,56,65,0.4,cross/aligned/l0.4,1.0,1.4861,1.0,0
569,cross,53,2065,56,65,1.0,cross/aligned/l1,0.9991,1.1303,0.3017,10
570,cross,11,3065,96,10065,0.05,cross/aligned/l0.05,1.0,2.1932,1.0,0
571,cross,11,3065,96,10065,0.1,cross/aligned/l0.1,1.0,2.2443,1.0,0
572,cross,11,3065,96,10065,0.2,cross/aligned/l0.2,1.0,1.3051,1.0,0
573,cross,11,3065,96,10065,0.4,cross/aligned/l0.4,1.0702,1.0549,1.0702,0
574,cross,11,3065,96,10065,1.0,cross/aligned/l1,0.9097,1.0151,0.5307,0
575,cross,53,1065,100,65,0.05,cross/aligned/l0.05,1.0,1.373,1.0,0
576,cross,53,1065,100,65,0.1,cross/aligned/l0.1,1.0,1.3781,1.0,0
577,cross,53,1065,100,65,0.2,cross/aligned/l0.2,1.0,1.3679,1.0,0
578,cross,53,1065,100,65,0.4,cross/aligned/l0.4,1.0,1.4508,0.8565,0
579,cross,53,1065,100,65,1.0,cross/aligned/l1,0.6351,1.677,0.2853,3
580,cross,77,6065,14,65,0.05,cross/aligned/l0.05,1.0,2.2881,1.0,0
581,cross,77,6065,14,65,0.1,cross/aligned/l0.1,1.0,2.2411,1.0,0
582,cross,77,6065,14,65,0.2,cross/aligned/l0.2,1.0,2.0302,1.0,0
583,cross,77,6065,14,65,0.4,cross/aligned/l0.4,1.0,1.6967,1.0,0
584,cross,77,6065,14,65,1.0,cross/aligned/l1,1.0,1.3758,0.8032,0
585,cross,56,2065,77,5065,0.05,cross/aligned/l0.05,0.7978,1.0047,0.7978,0
586,cross,56,2065,77,5065,0.1,cross/aligned/l0.1,0.7979,1.0047,0.7979,0
587,cross,56,2065,77,5065,0.2,cross/aligned/l0.2,0.798,1.0047,0.798,0
588,cross,56,2065,77,5065,0.4,cross/aligned/l0.4,0.7983,1.0039,0.7983,0
589,cross,56,2065,77,5065,1.0,cross/aligned/l1,0.7971,1.0008,0.7971,0
590,cross,178,4065,96,51065,0.05,cross/aligned/l0.05,1.0,1.6464,1.0,0
591,cross,178,4065,96,51065,0.1,cross/aligned/l0.1,1.0,1.6844,1.0,0
592,cross,178,4065,96,51065,0.2,cross/aligned/l0.2,1.0,1.73,1.0,0
593,cross,178,4065,96,51065,0.4,cross/aligned/l0.4,1.0,1.7969,1.0,0
594,cross,178,4065,96,51065,1.0,cross/aligned/l1,0.7377,1.5668,0.7377,0
595,cross,56,1065,31,8065,0.05,cross/aligned/l0.05,1.0,1.6252,1.0,0
596,cross,56,1065,31,8065,0.1,cross/aligned/l0.1,0.847,1.1392,0.847,0
597,cross,56,1065,31,8065,0.2,cross/aligned/l0.2,0.7611,1.0289,0.7611,0
598,cross,56,1065,31,8065,0.4,cross/aligned/l0.4,0.744,1.004,0.744,0
599,cross,56,1065,31,8065,1.0,cross/aligned/l1,0.7357,1.0001,0.7357,0
600,cross,178,5065,14,1065,0.05,cross/aligned/l0.05,0.926,2.1064,0.926,0
601,cross,178,5065,14,1065,0.1,cross/aligned/l0.1,0.9171,2.1105,0.9171,0
602,cross,178,5065,14,1065,0.2,cross/aligned/l0.2,0.9063,2.11,0.8958,0
603,cross,178,5065,14,1065,0.4,cross/aligned/l0.4,0.8803,2.1111,0.8803,0
604,cross,178,5065,14,1065,1.0,cross/aligned/l1,0.6197,2.1205,0.6197,0
605,cross,100,13065,96,51065,0.05,cross/aligned/l0.05,1.0,2.0363,1.0,0
606,cross,100,13065,96,51065,0.1,cross/aligned/l0.1,0.8035,1.2733,0.7907,0
607,cross,100,13065,96,51065,0.2,cross/aligned/l0.2,0.762,1.0774,0.7597,0
608,cross,100,13065,96,51065,0.4,cross/aligned/l0.4,0.7508,1.0336,0.7508,0
609,cross,100,13065,96,51065,1.0,cross/aligned/l1,0.689,1.0152,0.689,0
610,cross,53,1065,11,3065,0.05,cross/aligned/l0.05,1.0,1.3814,1.0,0
611,cross,53,1065,11,3065,0.1,cross/aligned/l0.1,1.0,1.3754,1.0,0
612,cross,53,1065,11,3065,0.2,cross/aligned/l0.2,1.0,1.3832,1.0,0
613,cross,53,1065,11,3065,0.4,cross/aligned/l0.4,1.0,1.6202,1.0,0
614,cross,53,1065,11,3065,1.0,cross/aligned/l1,0.5981,1.6631,0.5952,0
615,cross,96,27065,53,65,0.05,cross/aligned/l0.05,0.0016,1.0044,0.0003,12
616,cross,96,27065,53,65,0.1,cross/aligned/l0.1,0.0086,1.0012,0.0012,12
617,cross,96,27065,53,65,0.2,cross/aligned/l0.2,0.0342,1.0002,0.0056,12
618,cross,96,27065,53,65,0.4,cross/aligned/l0.4,0.1832,1.0,0.0374,12
619,cross,96,27065,53,65,1.0,cross/aligned/l1,0.7552,1.0,0.4016,9
620,cross,16,2065,33,3065,0.05,cross/aligned/l0.05,1.0,1.7417,1.0,0
621,cross,16,2065,33,3065,0.1,cross/aligned/l0.1,0.9509,1.1813,0.9416,0
622,cross,16,2065,33,3065,0.2,cross/aligned/l0.2,0.8848,1.0335,0.8848,0
623,cross,16,2065,33,3065,0.4,cross/aligned/l0.4,0.8719,1.0034,0.8719,0
624,cross,16,2065,33,3065,1.0,cross/aligned/l1,0.8711,1.0002,0.8711,0
625,cross,33,3065,96,33065,0.05,cross/aligned/l0.05,1.0,2.1983,1.0,0
626,cross,33,3065,96,33065,0.1,cross/aligned/l0.1,1.0,2.1988,1.0,0
627,cross,33,3065,96,33065,0.2,cross/aligned/l0.2,1.0,2.2103,1.0,0
628,cross,33,3065,96,33065,0.4,cross/aligned/l0.4,1.0,2.2637,1.0,0
629,cross,33,3065,96,33065,1.0,cross/aligned/l1,1.0,2.2627,1.0,0
630,cross,3,1065,14,1065,0.05,cross/aligned/l0.05,0.9256,1.0,0.7799,0
631,cross,3,1065,14,1065,0.1,cross/aligned/l0.1,0.9314,1.0,0.7301,0
632,cross,3,1065,14,1065,0.2,cross/aligned/l0.2,0.9,1.0,0.7003,0
633,cross,3,1065,14,1065,0.4,cross/aligned/l0.4,0.876,1.0,0.6664,0
634,cross,3,1065,14,1065,1.0,cross/aligned/l1,0.7522,1.0,0.6265,0
635,cross,14,65,77,3065,0.05,cross/aligned/l0.05,1.0,1.0149,1.0,0
636,cross,14,65,77,3065,0.1,cross/aligned/l0.1,1.0,1.0143,1.0,0
637,cross,14,65,77,3065,0.2,cross/aligned/l0.2,1.0,1.0186,1.0,0
638,cross,14,65,77,3065,0.4,cross/aligned/l0.4,1.0,1.0418,1.0,0
639,cross,14,65,77,3065,1.0,cross/aligned/l1,0.4816,1.9862,0.3892,4
640,cross,96,1065,56,65,0.05,cross/aligned/l0.05,0.9112,1.13,0.9112,0
641,cross,96,1065,56,65,0.1,cross/aligned/l0.1,0.9057,1.1554,0.9057,0
642,cross,96,1065,56,65,0.2,cross/aligned/l0.2,0.8494,1.2768,0.8494,0
643,cross,96,1065,56,65,0.4,cross/aligned/l0.4,0.6268,1.8257,0.6268,0
644,cross,96,1065,56,65,1.0,cross/aligned/l1,0.5864,1.5611,0.5257,0
645,cross,53,1065,56,2065,0.05,cross/aligned/l0.05,1.0,1.368,1.0,0
646,cross,53,1065,56,2065,0.1,cross/aligned/l0.1,1.0,1.3693,1.0,0
647,cross,53,1065,56,2065,0.2,cross/aligned/l0.2,1.0,1.4914,1.0,0
648,cross,53,1065,56,2065,0.4,cross/aligned/l0.4,0.3783,2.0466,0.3783,0
649,cross,53,1065,56,2065,1.0,cross/aligned/l1,0.755,1.7092,0.5876,2
650,cross,77,1065,33,4065,0.05,cross/aligned/l0.05,1.0,1.8036,1.0,0
651,cross,77,1065,33,4065,0.1,cross/aligned/l0.1,1.0,1.9636,1.0,0
652,cross,77,1065,33,4065,0.2,cross/aligned/l0.2,1.0,2.0441,1.0,0
653,cross,77,1065,33,4065,0.4,cross/aligned/l0.4,1.0,1.8661,1.0,0
654,cross,77,1065,33,4065,1.0,cross/aligned/l1,1.0,1.4583,0.4118,2
655,cross,178,2065,33,2065,0.05,cross/aligned/l0.05,1.0,1.8339,1.0,0
656,cross,178,2065,33,2065,0.1,cross/aligned/l0.1,1.0,1.8318,1.0,0
657,cross,178,2065,33,2065,0.2,cross/aligned/l0.2,1.0,1.8142,1.0,0
658,cross,178,2065,33,2065,0.4,cross/aligned/l0.4,1.0,1.8234,1.0,0
659,cross,178,2065,33,2065,1.0,cross/aligned/l1,1.0,2.1617,0.6482,0
660,cross,16,2065,53,2065,0.05,cross/aligned/l0.05,1.0,1.652,1.0,0
661,cross,16,2065,53,2065,0.1,cross/aligned/l0.1,0.9379,1.1396,0.9379,0
662,cross,16,2065,53,2065,0.2,cross/aligned/l0.2,0.876,1.0168,0.876,0
663,cross,16,2065,53,2065,0.4,cross/aligned/l0.4,0.8699,1.0024,0.8699,0
664,cross,16,2065,53,2065,1.0,cross/aligned/l1,0.8728,1.0002,0.8728,0
665,cross,100,9065,96,2065,0.05,cross/aligned/l0.05,0.8794,1.0206,0.8772,0
666,cross,100,9065,96,2065,0.1,cross/aligned/l0.1,0.8633,1.0038,0.8629,0
667,cross,100,9065,96,2065,0.2,cross/aligned/l0.2,0.8645,1.001,0.8641,0
668,cross,100,9065,96,2065,0.4,cross/aligned/l0.4,0.8576,1.0005,0.8566,0
669,cross,100,9065,96,2065,1.0,cross/aligned/l1,0.8576,1.0003,0.8415,0
670,cross,77,65,56,1065,0.05,cross/aligned/l0.05,1.0,1.8441,1.0,0
671,cross,77,65,56,1065,0.1,cross/aligned/l0.1,1.0,1.9069,1.0,0
672,cross,77,65,56,1065,0.2,cross/aligned/l0.2,1.0,2.193,1.0,0
673,cross,77,65,56,1065,0.4,cross/aligned/l0.4,1.0,2.5265,1.0,0
674,cross,77,65,56,1065,1.0,cross/aligned/l1,0.3843,1.8143,0.3322,10
675,cross,53,65,96,32065,0.05,cross/aligned/l0.05,1.0,1.5499,1.0,0
676,cross,53,65,96,32065,0.1,cross/aligned/l0.1,1.0,1.5852,1.0,0
677,cross,53,65,96,32065,0.2,cross/aligned/l0.2,1.0,1.7259,1.0,0
678,cross,53,65,96,32065,0.4,cross/aligned/l0.4,0.5397,1.9293,0.4824,0
679,cross,53,65,96,32065,1.0,cross/aligned/l1,0.7344,1.3962,0.5282,0
680,cross,56,65,100,7065,0.05,cross/aligned/l0.05,1.0,1.6154,1.0,0
681,cross,56,65,100,7065,0.1,cross/aligned/l0.1,1.0,2.0168,1.0,0
682,cross,56,65,100,7065,0.2,cross/aligned/l0.2,0.8684,1.2801,0.7673,0
683,cross,56,65,100,7065,0.4,cross/aligned/l0.4,0.7636,1.0337,0.7552,0
684,cross,56,65,100,7065,1.0,cross/aligned/l1,0.7673,1.0003,0.7673,0
685,cross,56,2065,16,65,0.05,cross/aligned/l0.05,0.7979,1.0046,0.7979,0
686,cross,56,2065,16,65,0.1,cross/aligned/l0.1,0.7979,1.0042,0.7979,0
687,cross,56,2065,16,65,0.2,cross/aligned/l0.2,0.7975,1.0032,0.7975,0
688,cross,56,2065,16,65,0.4,cross/aligned/l0.4,0.7965,1.0017,0.7965,0
689,cross,56,2065,16,65,1.0,cross/aligned/l1,0.7972,1.0008,0.7972,0
690,cross,96,24065,100,15065,0.05,cross/aligned/l0.05,0.7483,1.0,0.7483,0
691,cross,96,24065,100,15065,0.1,cross/aligned/l0.1,0.7484,1.0,0.7481,0
692,cross,96,24065,100,15065,0.2,cross/aligned/l0.2,0.7484,1.0,0.7481,0
693,cross,96,24065,100,15065,0.4,cross/aligned/l0.4,0.7484,1.0,0.7482,0
694,cross,96,24065,100,15065,1.0,cross/aligned/l1,0.7482,1.0,0.7482,0
695,cross,11,1065,178,1065,0.05,cross/aligned/l0.05,1.0,2.736,1.0,0
696,cross,11,1065,178,1065,0.1,cross/aligned/l0.1,1.0,2.6149,1.0,0
697,cross,11,1065,178,1065,0.2,cross/aligned/l0.2,1.0038,1.3221,1.0038,0
698,cross,11,1065,178,1065,0.4,cross/aligned/l0.4,0.9596,1.0604,0.9573,0
699,cross,11,1065,178,1065,1.0,cross/aligned/l1,0.9437,1.0162,0.9437,0
700,cross,96,44065,14,1065,0.05,cross/aligned/l0.05,0.7887,1.3333,0.6356,0
701,cross,96,44065,14,1065,0.1,cross/aligned/l0.1,0.9129,1.0553,0.8598,0
702,cross,96,44065,14,1065,0.2,cross/aligned/l0.2,0.9154,1.0145,0.9031,0
703,cross,96,44065,14,1065,0.4,cross/aligned/l0.4,0.9097,1.0024,0.9091,0
704,cross,96,44065,14,1065,1.0,cross/aligned/l1,0.9042,1.0001,0.9041,0
705,cross,3,65,100,14065,0.05,cross/aligned/l0.05,0.8993,1.0,0.828,0
706,cross,3,65,100,14065,0.1,cross/aligned/l0.1,0.8836,1.0,0.8612,0
707,cross,3,65,100,14065,0.2,cross/aligned/l0.2,0.8736,1.0,0.8736,0
708,cross,3,65,100,14065,0.4,cross/aligned/l0.4,0.867,1.0,0.867,0
709,cross,3,65,100,14065,1.0,cross/aligned/l1,0.735,1.0,0.735,0
710,cross,3,1065,100,5065,0.05,cross/aligned/l0.05,0.9011,1.0,0.8611,0
711,cross,3,1065,100,5065,0.1,cross/aligned/l0.1,0.8844,1.0,0.8844,0
712,cross,3,1065,100,5065,0.2,cross/aligned/l0.2,0.8769,1.0,0.8769,0
713,cross,3,1065,100,5065,0.4,cross/aligned/l0.4,0.8708,1.0,0.8708,0
714,cross,3,1065,100,5065,1.0,cross/aligned/l1,0.7352,1.0,0.7352,0
715,cross,16,1065,100,8065,0.05,cross/aligned/l0.05,1.0,2.1083,1.0,0
716,cross,16,1065,100,8065,0.1,cross/aligned/l0.1,1.0,2.3289,0.4594,0
717,cross,16,1065,100,8065,0.2,cross/aligned/l0.2,0.9283,1.4377,0.6365,0
718,cross,16,1065,100,8065,0.4,cross/aligned/l0.4,0.8626,1.0501,0.8139,0
719,cross,16,1065,100,8065,1.0,cross/aligned/l1,0.8386,1.0005,0.8379,0
720,cross,53,1065,77,7065,0.05,cross/aligned/l0.05,1.0,1.38,1.0,0
721,cross,53,1065,77,7065,0.1,cross/aligned/l0.1,1.0,1.383,1.0,0
722,cross,53,1065,77,7065,0.2,cross/aligned/l0.2,1.0,1.3781,1.0,0
723,cross,53,1065,77,7065,0.4,cross/aligned/l0.4,1.0,1.3913,1.0,0
724,cross,53,1065,77,7065,1.0,cross/aligned/l1,0.6136,1.6691,0.2334,11
725,cross,53,1065,178,4065,0.05,cross/aligned/l0.05,1.0,1.3789,1.0,0
726,cross,53,1065,178,4065,0.1,cross/aligned/l0.1,1.0,1.3795,1.0,0
727,cross,53,1065,178,4065,0.2,cross/aligned/l0.2,1.0,1.3798,1.0,0
728,cross,53,1065,178,4065,0.4,cross/aligned/l0.4,1.0,1.6492,1.0,0
729,cross,53,1065,178,4065,1.0,cross/aligned/l1,0.5932,1.6611,0.5932,3
730,cross,14,65,96,46065,0.05,cross/aligned/l0.05,1.0,1.0167,1.0,0
731,cross,14,65,96,46065,0.1,cross/aligned/l0.1,1.0,1.0158,1.0,0
732,cross,14,65,96,46065,0.2,cross/aligned/l0.2,1.0,1.0516,1.0,0
733,cross,14,65,96,46065,0.4,cross/aligned/l0.4,1.0,1.3471,1.0,0
734,cross,14,65,96,46065,1.0,cross/aligned/l1,1.0,1.8681,0.3027,1
735,cross,56,65,100,15065,0.05,cross/aligned/l0.05,1.0,1.5255,1.0,0
736,cross,56,65,100,15065,0.1,cross/aligned/l0.1,1.0,2.0218,1.0,0
737,cross,56,65,100,15065,0.2,cross/aligned/l0.2,0.8402,1.2409,0.7476,0
738,cross,56,65,100,15065,0.4,cross/aligned/l0.4,0.7632,1.0358,0.733,0
739,cross,56,65,100,15065,1.0,cross/aligned/l1,0.7675,1.0003,0.7663,0
740,cross,96,57065,14,1065,0.05,cross/aligned/l0.05,0.8299,1.5855,0.8299,0
741,cross,96,57065,14,1065,0.1,cross/aligned/l0.1,0.7436,1.157,0.7436,0
742,cross,96,57065,14,1065,0.2,cross/aligned/l0.2,0.7169,1.0365,0.7169,0
743,cross,96,57065,14,1065,0.4,cross/aligned/l0.4,0.7017,1.0048,0.7017,0
744,cross,96,57065,14,1065,1.0,cross/aligned/l1,0.6951,1.0003,0.6951,0
745,cross,77,4065,31,4065,0.05,cross/aligned/l0.05,1.0,2.2326,1.0,0
746,cross,77,4065,31,4065,0.1,cross/aligned/l0.1,1.0,2.2226,1.0,0
747,cross,77,4065,31,4065,0.2,cross/aligned/l0.2,1.0,2.2328,1.0,0
748,cross,77,4065,31,4065,0.4,cross/aligned/l0.4,0.7806,2.133,0.7236,0
749,cross,77,4065,31,4065,1.0,cross/aligned/l1,0.8816,1.6404,0.5042,0
750,cross,77,4065,3,65,0.05,cross/aligned/l0.05,1.0,2.2354,1.0,0
751,cross,77,4065,3,65,0.1,cross/aligned/l0.1,1.0,2.2678,1.0,0
752,cross,77,4065,3,65,0.2,cross/aligned/l0.2,1.0,2.1927,0.6589,0
753,cross,77,4065,3,65,0.4,cross/aligned/l0.4,0.8393,1.9752,0.8393,0
754,cross,77,4065,3,65,1.0,cross/aligned/l1,0.7855,1.6872,0.4521,0
755,cross,56,1065,96,16065,0.05,cross/aligned/l0.05,0.8486,1.1473,0.8486,0
756,cross,56,1065,96,16065,0.1,cross/aligned/l0.1,0.7665,1.0306,0.7665,0
757,cross,56,1065,96,16065,0.2,cross/aligned/l0.2,0.7444,1.006,0.7444,0
758,cross,56,1065,96,16065,0.4,cross/aligned/l0.4,0.7371,1.001,0.7371,0
759,cross,56,1065,96,16065,1.0,cross/aligned/l1,0.7355,1.0001,0.7354,0
760,cross,96,52065,3,3065,0.05,cross/aligned/l0.05,0.9546,1.0542,0.9167,0
761,cross,96,52065,3,3065,0.1,cross/aligned/l0.1,0.8614,1.0125,0.8443,0
762,cross,96,52065,3,3065,0.2,cross/aligned/l0.2,0.8915,1.0025,0.89,0
763,cross,96,52065,3,3065,0.4,cross/aligned/l0.4,0.875,1.0004,0.8745,0
764,cross,96,52065,3,3065,1.0,cross/aligned/l1,0.8811,1.0,0.881,0
765,cross,178,4065,3,2065,0.05,cross/aligned/l0.05,1.0,1.6421,1.0,0
766,cross,178,4065,3,2065,0.1,cross/aligned/l0.1,1.0,1.6806,1.0,0
767,cross,178,4065,3,2065,0.2,cross/aligned/l0.2,1.0,1.7107,1.0,0
768,cross,178,4065,3,2065,0.4,cross/aligned/l0.4,1.0,1.7803,1.0,0
769,cross,178,4065,3,2065,1.0,cross/aligned/l1,0.7884,1.5686,0.3965,0
770,cross,77,5065,56,1065,0.05,cross/aligned/l0.05,1.0,2.6442,1.0,0
771,cross,77,5065,56,1065,0.1,cross/aligned/l0.1,1.0,2.7008,1.0,0
772,cross,77,5065,56,1065,0.2,cross/aligned/l0.2,1.0,2.5449,1.0,0
773,cross,77,5065,56,1065,0.4,cross/aligned/l0.4,1.0,2.1401,1.0,0
774,cross,77,5065,56,1065,1.0,cross/aligned/l1,1.0,1.6878,0.6101,0
775,cross,3,3065,31,3065,0.05,cross/aligned/l0.05,0.9464,1.0,0.9037,0
776,cross,3,3065,31,3065,0.1,cross/aligned/l0.1,0.9464,1.0,0.8671,0
777,cross,3,3065,31,3065,0.2,cross/aligned/l0.2,0.9282,1.0,0.8751,0
778,cross,3,3065,31,3065,0.4,cross/aligned/l0.4,0.9119,1.0,0.8513,0
779,cross,3,3065,31,3065,1.0,cross/aligned/l1,0.7101,1.0,0.7101,0
780,cross,16,2065,3,1065,0.05,cross/aligned/l0.05,1.0613,1.3454,1.0613,0
781,cross,16,2065,3,1065,0.1,cross/aligned/l0.1,0.89,1.0568,0.89,0
782,cross,16,2065,3,1065,0.2,cross/aligned/l0.2,0.8681,1.0076,0.868,0
783,cross,16,2065,3,1065,0.4,cross/aligned/l0.4,0.8651,1.0012,0.8651,0
784,cross,16,2065,3,1065,1.0,cross/aligned/l1,0.8608,1.0002,0.8531,0
785,cross,178,5065,16,65,0.05,cross/aligned/l0.05,0.931,2.0996,0.931,0
786,cross,178,5065,16,65,0.1,cross/aligned/l0.1,0.9328,2.0972,0.9328,0
787,cross,178,5065,16,65,0.2,cross/aligned/l0.2,0.8968,2.1466,0.8968,0
788,cross,178,5065,16,65,0.4,cross/aligned/l0.4,0.8683,2.1308,0.8078,0
789,cross,178,5065,16,65,1.0,cross/aligned/l1,0.6298,2.0979,0.5883,0
790,cross,53,2065,77,6065,0.05,cross/aligned/l0.05,1.0,2.3536,1.0,0
791,cross,53,2065,77,6065,0.1,cross/aligned/l0.1,1.0,2.331,1.0,0
792,cross,53,2065,77,6065,0.2,cross/aligned/l0.2,1.0,2.3589,1.0,0
793,cross,53,2065,77,6065,0.4,cross/aligned/l0.4,1.0,2.3586,1.0,0
794,cross,53,2065,77,6065,1.0,cross/aligned/l1,0.9912,1.1354,0.5677,4
795,cross,53,2065,100,13065,0.05,cross/aligned/l0.05,1.0,2.3422,1.0,0
796,cross,53,2065,100,13065,0.1,cross/aligned/l0.1,1.0,2.3544,1.0,0
797,cross,53,2065,100,13065,0.2,cross/aligned/l0.2,1.0,2.3061,0.3077,1
798,cross,53,2065,100,13065,0.4,cross/aligned/l0.4,1.0,2.147,0.3468,1
799,cross,53,2065,100,13065,1.0,cross/aligned/l1,1.0504,1.1347,0.2773,11
800,cross,11,2065,31,3065,0.05,cross/aligned/l0.05,1.0,1.9914,1.0,0
801,cross,11,2065,31,3065,0.1,cross/aligned/l0.1,1.0,2.2322,1.0,0
802,cross,11,2065,31,3065,0.2,cross/aligned/l0.2,1.0006,1.792,1.0006,0
803,cross,11,2065,31,3065,0.4,cross/aligned/l0.4,0.8464,1.1129,0.8461,0
804,cross,11,2065,31,3065,1.0,cross/aligned/l1,0.7765,1.0243,0.7176,0
805,cross,77,2065,14,65,0.05,cross/aligned/l0.05,0.4651,1.0163,0.4574,0
806,cross,77,2065,14,65,0.1,cross/aligned/l0.1,0.463,1.0171,0.4477,0
807,cross,77,2065,14,65,0.2,cross/aligned/l0.2,0.4566,1.0227,0.4372,0
808,cross,77,2065,14,65,0.4,cross/aligned/l0.4,0.4475,1.0521,0.4301,0
809,cross,77,2065,14,65,1.0,cross/aligned/l1,0.4347,1.299,0.4347,0
810,cross,178,4065,100,19065,0.05,cross/aligned/l0.05,1.0,1.645,1.0,0
811,cross,178,4065,100,19065,0.1,cross/aligned/l0.1,1.0,1.6388,1.0,0
812,cross,178,4065,100,19065,0.2,cross/aligned/l0.2,1.0,1.6528,1.0,0
813,cross,178,4065,100,19065,0.4,cross/aligned/l0.4,1.0,1.7542,1.0,0
814,cross,178,4065,100,19065,1.0,cross/aligned/l1,1.123,1.9819,1.0,0
815,cross,77,65,96,12065,0.05,cross/aligned/l0.05,1.0,1.8568,1.0,0
816,cross,77,65,96,12065,0.1,cross/aligned/l0.1,1.0,1.9123,1.0,0
817,cross,77,65,96,12065,0.2,cross/aligned/l0.2,1.0,2.2449,1.0,0
818,cross,77,65,96,12065,0.4,cross/aligned/l0.4,1.0,2.5155,1.0,0
819,cross,77,65,96,12065,1.0,cross/aligned/l1,0.3982,1.6973,0.3982,0
820,cross,178,2065,56,2065,0.05,cross/aligned/l0.05,1.0,1.8347,1.0,0
821,cross,178,2065,56,2065,0.1,cross/aligned/l0.1,1.0,1.8234,1.0,0
822,cross,178,2065,56,2065,0.2,cross/aligned/l0.2,1.0,1.8099,1.0,0
823,cross,178,2065,56,2065,0.4,cross/aligned/l0.4,1.0,1.8224,1.0,0
824,cross,178,2065,56,2065,1.0,cross/aligned/l1,1.0,2.0369,0.8222,0
825,cross,96,1065,11,2065,0.05,cross/aligned/l0.05,0.9141,1.1525,0.9141,0
826,cross,96,1065,11,2065,0.1,cross/aligned/l0.1,0.919,1.152,0.919,0
827,cross,96,1065,11,2065,0.2,cross/aligned/l0.2,0.9123,1.1657,0.9123,0
828,cross,96,1065,11,2065,0.4,cross/aligned/l0.4,0.8657,1.2561,0.8657,0
829,cross,96,1065,11,2065,1.0,cross/aligned/l1,0.6197,1.6116,0.4965,0
830,cross,31,4065,77,1065,0.05,cross/aligned/l0.05,1.0,2.2442,1.0,0
831,cross,31,4065,77,1065,0.1,cross/aligned/l0.1,1.0,2.2124,1.0,0
832,cross,31,4065,77,1065,0.2,cross/aligned/l0.2,1.0,2.1604,1.0,0
833,cross,31,4065,77,1065,0.4,cross/aligned/l0.4,1.0,2.1284,1.0,0
834,cross,31,4065,77,1065,1.0,cross/aligned/l1,1.0,1.4738,0.9141,0
835,cross,14,65,77,65,0.05,cross/aligned/l0.05,1.0,1.0163,1.0,0
836,cross,14,65,77,65,0.1,cross/aligned/l0.1,1.0,1.0138,1.0,0
837,cross,14,65,77,65,0.2,cross/aligned/l0.2,1.0,1.0297,1.0,0
838,cross,14,65,77,65,0.4,cross/aligned/l0.4,1.0,1.2129,1.0,0
839,cross,14,65,77,65,1.0,cross/aligned/l1,0.4213,1.9809,0.3853,4
840,cross,178,4065,53,2065,0.05,cross/aligned/l0.05,1.0,1.6513,1.0,0
841,cross,178,4065,53,2065,0.1,cross/aligned/l0.1,1.0,1.6743,1.0,0
842,cross,178,4065,53,2065,0.2,cross/aligned/l0.2,1.0,1.7229,1.0,0
843,cross,178,4065,53,2065,0.4,cross/aligned/l0.4,1.0,1.7807,1.0,0
844,cross,178,4065,53,2065,1.0,cross/aligned/l1,1.1054,1.9953,1.0,0
845,cross,11,65,33,3065,0.05,cross/aligned/l0.05,1.0,2.7694,1.0,0
846,cross,11,65,33,3065,0.1,cross/aligned/l0.1,1.0,2.7256,1.0,0
847,cross,11,65,33,3065,0.2,cross/aligned/l0.2,1.0,2.0803,1.0,0
848,cross,11,65,33,3065,0.4,cross/aligned/l0.4,1.0259,1.1941,0.9959,0
849,cross,11,65,33,3065,1.0,cross/aligned/l1,0.9775,1.0202,0.9584,0
850,cross,16,1065,53,2065,0.05,cross/aligned/l0.05,1.0,2.2982,1.0,0
851,cross,16,1065,53,2065,0.1,cross/aligned/l0.1,0.9243,1.3955,0.9131,0
852,cross,16,1065,53,2065,0.2,cross/aligned/l0.2,0.8633,1.0605,0.8631,0
853,cross,16,1065,53,2065,0.4,cross/aligned/l0.4,0.8441,1.0073,0.8441,0
854,cross,16,1065,53,2065,1.0,cross/aligned/l1,0.8387,1.0005,0.8386,0
855,cross,16,2065,96,40065,0.05,cross/aligned/l0.05,0.9505,1.1884,0.9505,0
856,cross,16,2065,96,40065,0.1,cross/aligned/l0.1,0.872,1.0294,0.872,0
857,cross,16,2065,96,40065,0.2,cross/aligned/l0.2,0.8663,1.005,0.8663,0
858,cross,16,2065,96,40065,0.4,cross/aligned/l0.4,0.8665,1.0008,0.8665,0
859,cross,16,2065,96,40065,1.0,cross/aligned/l1,0.8591,1.0002,0.8478,0
860,cross,33,3065,14,65,0.05,cross/aligned/l0.05,1.0,2.1923,1.0,0
861,cross,33,3065,14,65,0.1,cross/aligned/l0.1,1.0,2.1947,1.0,0
862,cross,33,3065,14,65,0.2,cross/aligned/l0.2,1.0,2.155,1.0,0
863,cross,33,3065,14,65,0.4,cross/aligned/l0.4,1.0,2.1525,1.0,0
864,cross,33,3065,14,65,1.0,cross/aligned/l1,1.0,2.223,1.0,4
865,cross,11,2065,3,3065,0.05,cross/aligned/l0.05,1.0,2.0597,1.0,0
866,cross,11,2065,3,3065,0.1,cross/aligned/l0.1,1.0,2.1575,1.0,0
867,cross,11,2065,3,3065,0.2,cross/aligned/l0.2,0.8817,1.2931,0.8817,0
868,cross,11,2065,3,3065,0.4,cross/aligned/l0.4,0.8234,1.064,0.8225,0
869,cross,11,2065,3,3065,1.0,cross/aligned/l1,0.7074,1.0238,0.3758,0
870,cross,100,19065,77,3065,0.05,cross/aligned/l0.05,0.8314,1.3928,0.7374,0
871,cross,100,19065,77,3065,0.1,cross/aligned/l0.1,0.7635,1.2182,0.7635,0
872,cross,100,19065,77,3065,0.2,cross/aligned/l0.2,0.8091,1.1258,0.7084,0
873,cross,100,19065,77,3065,0.4,cross/aligned/l0.4,0.6773,1.0271,0.6558,0
874,cross,100,19065,77,3065,1.0,cross/aligned/l1,0.6436,1.0026,0.6294,0
875,within,100,1065,100,15065,0.05,within/aligned/l0.05,0.936,1.7587,0.9207,0
876,within,100,1065,100,15065,0.1,within/aligned/l0.1,0.8661,1.8831,0.564,0
877,within,100,1065,100,15065,0.2,within/aligned/l0.2,0.7292,2.0969,0.4071,0
878,within,100,1065,100,15065,0.4,within/aligned/l0.4,0.7091,1.7929,0.4149,0
879,within,100,1065,100,15065,1.0,within/aligned/l1,0.6237,1.1694,0.5259,0
880,within,100,6065,100,12065,0.05,within/aligned/l0.05,0.6728,1.6718,0.662,0
881,within,100,6065,100,12065,0.1,within/aligned/l0.1,0.6702,1.6787,0.6521,0
882,within,100,6065,100,12065,0.2,within/aligned/l0.2,0.6509,1.7562,0.606,0
883,within,100,6065,100,12065,0.4,within/aligned/l0.4,0.5438,1.9822,0.4902,0
884,within,100,6065,100,12065,1.0,within/aligned/l1,0.7,1.7096,0.6567,0
885,within,96,7065,96,49065,0.05,within/aligned/l0.05,0.0033,1.0996,0.0017,15
886,within,96,7065,96,49065,0.1,within/aligned/l0.1,0.0146,1.0243,0.0075,15
887,within,96,7065,96,49065,0.2,within/aligned/l0.2,0.0678,1.0051,0.0356,15
888,within,96,7065,96,49065,0.4,within/aligned/l0.4,0.2946,1.0009,0.1752,15
889,within,96,7065,96,49065,1.0,within/aligned/l1,0.4258,1.0001,0.4258,3
890,within,100,3065,100,10065,0.05,within/aligned/l0.05,1.0,1.8682,1.0,0
891,within,100,3065,100,10065,0.1,within/aligned/l0.1,1.0,2.1902,1.0,0
892,within,100,3065,100,10065,0.2,within/aligned/l0.2,1.0,2.1922,1.0,0
893,within,100,3065,100,10065,0.4,within/aligned/l0.4,1.0,2.0146,1.0,0
894,within,100,3065,100,10065,1.0,within/aligned/l1,0.7435,1.1371,0.4552,0
895,within,96,41065,96,54065,0.05,within/aligned/l0.05,0.834,1.0513,0.7771,0
896,within,96,41065,96,54065,0.1,within/aligned/l0.1,0.8654,1.0116,0.8511,0
897,within,96,41065,96,54065,0.2,within/aligned/l0.2,0.8774,1.0024,0.8744,0
898,within,96,41065,96,54065,0.4,within/aligned/l0.4,0.8823,1.0004,0.8818,0
899,within,96,41065,96,54065,1.0,within/aligned/l1,0.8856,1.0001,0.8856,0
900,within,96,7065,96,40065,0.05,within/aligned/l0.05,0.0023,1.1007,0.0014,15
901,within,96,7065,96,40065,0.1,within/aligned/l0.1,0.0101,1.0244,0.0061,15
902,within,96,7065,96,40065,0.2,within/aligned/l0.2,0.0476,1.0051,0.0291,15
903,within,96,7065,96,40065,0.4,within/aligned/l0.4,0.2232,1.0009,0.1472,15
904,within,96,7065,96,40065,1.0,within/aligned/l1,0.6671,1.0001,0.6671,3
905,within,100,5065,100,14065,0.05,within/aligned/l0.05,0.4984,1.4255,0.4984,0
906,within,100,5065,100,14065,0.1,within/aligned/l0.1,0.6548,1.41,0.648,0
907,within,100,5065,100,14065,0.2,within/aligned/l0.2,0.6807,1.075,0.516,0
908,within,100,5065,100,14065,0.4,within/aligned/l0.4,0.8171,1.0138,0.4411,0
909,within,100,5065,100,14065,1.0,within/aligned/l1,0.8557,1.0024,0.6195,0
910,within,96,18065,96,47065,0.05,within/aligned/l0.05,0.4088,1.0343,0.3896,5
911,within,96,18065,96,47065,0.1,within/aligned/l0.1,0.3973,1.0092,0.3934,0
912,within,96,18065,96,47065,0.2,within/aligned/l0.2,0.3938,1.002,0.3931,0
913,within,96,18065,96,47065,0.4,within/aligned/l0.4,0.3926,1.0004,0.3925,0
914,within,96,18065,96,47065,1.0,within/aligned/l1,0.3971,1.0001,0.3971,0
915,within,96,16065,96,53065,0.05,within/aligned/l0.05,0.9266,1.0344,0.9206,0
916,within,96,16065,96,53065,0.1,within/aligned/l0.1,0.8991,1.0078,0.8979,0
917,within,96,16065,96,53065,0.2,within/aligned/l0.2,0.8907,1.0016,0.8904,0
918,within,96,16065,96,53065,0.4,within/aligned/l0.4,0.8866,1.0003,0.8865,0
919,within,96,16065,96,53065,1.0,within/aligned/l1,0.8847,1.0,0.8847,0
920,within,100,2065,100,20065,0.05,within/aligned/l0.05,1.0,2.4071,1.0,0
921,within,100,2065,100,20065,0.1,within/aligned/l0.1,1.0,2.1486,0.6378,0
922,within,100,2065,100,20065,0.2,within/aligned/l0.2,0.7335,1.8817,0.4573,0
923,within,100,2065,100,20065,0.4,within/aligned/l0.4,0.7467,1.6806,0.4952,0
924,within,100,2065,100,20065,1.0,within/aligned/l1,0.6347,1.0842,0.4403,0
925,within,100,3065,100,13065,0.05,within/aligned/l0.05,1.0,1.9682,1.0,0
926,within,100,3065,100,13065,0.1,within/aligned/l0.1,1.0,2.0283,1.0,0
927,within,100,3065,100,13065,0.2,within/aligned/l0.2,1.0,2.2044,1.0,0
928,within,100,3065,100,13065,0.4,within/aligned/l0.4,1.0,2.101,0.7093,0
929,within,100,3065,100,13065,1.0,within/aligned/l1,0.9265,1.192,0.4933,0
930,within,31,1065,31,6065,0.05,within/aligned/l0.05,1.0,2.2789,1.0,0
931,within,31,1065,31,6065,0.1,within/aligned/l0.1,1.0,2.2457,1.0,0
932,within,31,1065,31,6065,0.2,within/aligned/l0.2,1.0,2.2176,1.0,0
933,within,31,1065,31,6065,0.4,within/aligned/l0.4,1.0,2.1859,1.0,0
934,within,31,1065,31,6065,1.0,within/aligned/l1,1.0,2.0862,1.0,0
935,within,96,23065,96,29065,0.05,within/aligned/l0.05,0.818,1.0042,0.7924,0
936,within,96,23065,96,29065,0.1,within/aligned/l0.1,0.7975,1.001,0.7846,0
937,within,96,23065,96,29065,0.2,within/aligned/l0.2,0.7897,1.0002,0.7871,0
938,within,96,23065,96,29065,0.4,within/aligned/l0.4,0.7865,1.0,0.786,0
939,within,96,23065,96,29065,1.0,within/aligned/l1,0.7904,1.0,0.7904,0
940,within,100,2065,100,15065,0.05,within/aligned/l0.05,1.0,2.2709,1.0,0
941,within,100,2065,100,15065,0.1,within/aligned/l0.1,1.0,2.1728,0.9823,0
942,within,100,2065,100,15065,0.2,within/aligned/l0.2,0.9474,1.8322,0.9116,0
943,within,100,2065,100,15065,0.4,within/aligned/l0.4,0.9707,1.621,0.7222,0
944,within,100,2065,100,15065,1.0,within/aligned/l1,0.8943,1.1251,0.4619,0
945,within,100,9065,100,16065,0.05,within/aligned/l0.05,1.0,1.8692,1.0,0
946,within,100,9065,100,16065,0.1,within/aligned/l0.1,1.0,1.403,0.8118,0
947,within,100,9065,100,16065,0.2,within/aligned/l0.2,0.9653,1.1136,0.9211,0
948,within,100,9065,100,16065,0.4,within/aligned/l0.4,0.895,1.022,0.888,0
949,within,100,9065,100,16065,1.0,within/aligned/l1,0.914,1.0024,0.914,0
950,within,100,6065,100,20065,0.05,within/aligned/l0.05,0.6724,1.6742,0.6724,0
951,within,100,6065,100,20065,0.1,within/aligned/l0.1,0.6589,1.7105,0.6227,0
952,within,100,6065,100,20065,0.2,within/aligned/l0.2,0.5969,1.8356,0.51,0
953,within,100,6065,100,20065,0.4,within/aligned/l0.4,0.6741,1.7597,0.6741,0
954,within,100,6065,100,20065,1.0,within/aligned/l1,0.9256,1.1493,0.8916,0
955,within,77,2065,77,7065,0.05,within/aligned/l0.05,0.4639,1.0168,0.4639,0
956,within,77,2065,77,7065,0.1,within/aligned/l0.1,0.461,1.0189,0.461,0
957,within,77,2065,77,7065,0.2,within/aligned/l0.2,0.4591,1.0214,0.4591,0
958,within,77,2065,77,7065,0.4,within/aligned/l0.4,0.4556,1.0321,0.4556,0
959,within,77,2065,77,7065,1.0,within/aligned/l1,0.4252,1.2488,0.4247,0
960,within,96,17065,96,42065,0.05,within/aligned/l0.05,0.562,1.102,0.3081,10
961,within,96,17065,96,42065,0.1,within/aligned/l0.1,0.8294,1.0237,0.6524,1
962,within,96,17065,96,42065,0.2,within/aligned/l0.2,0.9703,1.0049,0.9356,0
963,within,96,17065,96,42065,0.4,within/aligned/l0.4,0.9672,1.0009,0.961,0
964,within,96,17065,96,42065,1.0,within/aligned/l1,0.9649,1.0001,0.9648,0
965,within,96,41065,96,55065,0.05,within/aligned/l0.05,0.834,1.0513,0.7771,0
966,within,96,41065,96,55065,0.1,within/aligned/l0.1,0.8654,1.0116,0.8511,0
967,within,96,41065,96,55065,0.2,within/aligned/l0.2,0.8774,1.0024,0.8744,0
968,within,96,41065,96,55065,0.4,within/aligned/l0.4,0.8823,1.0004,0.8818,0
969,within,96,41065,96,55065,1.0,within/aligned/l1,0.8856,1.0001,0.8856,0
970,within,100,8065,100,17065,0.05,within/aligned/l0.05,1.0,1.5242,0.978,0
971,within,100,8065,100,17065,0.1,within/aligned/l0.1,0.7548,1.0904,0.5527,0
972,within,100,8065,100,17065,0.2,within/aligned/l0.2,0.778,1.0445,0.578,0
973,within,100,8065,100,17065,0.4,within/aligned/l0.4,0.8815,1.0079,0.5268,0
974,within,100,8065,100,17065,1.0,within/aligned/l1,0.9108,1.0012,0.4951,0
975,within,178,65,178,5065,0.05,within/aligned/l0.05,1.0,2.3357,1.0,0
976,within,178,65,178,5065,0.1,within/aligned/l0.1,1.0,2.3524,1.0,0
977,within,178,65,178,5065,0.2,within/aligned/l0.2,1.0,2.3983,1.0,0
978,within,178,65,178,5065,0.4,within/aligned/l0.4,1.0,2.4404,1.0,0
979,within,178,65,178,5065,1.0,within/aligned/l1,1.0,2.7245,1.0,0
980,within,96,12065,96,23065,0.05,within/aligned/l0.05,0.0067,1.1058,0.0022,12
981,within,96,12065,96,23065,0.1,within/aligned/l0.1,0.0293,1.0246,0.01,12
982,within,96,12065,96,23065,0.2,within/aligned/l0.2,0.1288,1.0051,0.047,12
983,within,96,12065,96,23065,0.4,within/aligned/l0.4,0.456,1.0009,0.2206,11
984,within,96,12065,96,23065,1.0,within/aligned/l1,0.8413,1.0001,0.8413,0
985,within,96,6065,96,40065,0.05,within/aligned/l0.05,0.5909,1.2118,0.5485,0
986,within,96,6065,96,40065,0.1,within/aligned/l0.1,0.4971,1.0509,0.4904,0
987,within,96,6065,96,40065,0.2,within/aligned/l0.2,0.4646,1.0105,0.4635,0
988,within,96,6065,96,40065,0.4,within/aligned/l0.4,0.4509,1.0018,0.4507,0
989,within,96,6065,96,40065,1.0,within/aligned/l1,0.4466,1.0003,0.4466,0
990,within,96,7065,96,15065,0.05,within/aligned/l0.05,0.0023,1.1007,0.0014,15
991,within,96,7065,96,15065,0.1,within/aligned/l0.1,0.0101,1.0244,0.0061,15
992,within,96,7065,96,15065,0.2,within/aligned/l0.2,0.0476,1.0051,0.0291,15
993,within,96,7065,96,15065,0.4,within/aligned/l0.4,0.2232,1.0009,0.1472,15
994,within,96,7065,96,15065,1.0,within/aligned/l1,0.6671,1.0001,0.6671,3
995,within,100,1065,100,10065,0.05,within/aligned/l0.05,0.9909,1.6731,0.6547,0
996,within,100,1065,100,10065,0.1,within/aligned/l0.1,0.8787,1.8646,0.7253,0
997,within,100,1065,100,10065,0.2,within/aligned/l0.2,0.7864,2.0074,0.5068,0
998,within,100,1065,100,10065,0.4,within/aligned/l0.4,0.6907,1.8982,0.4841,0
999,within,100,1065,100,10065,1.0,within/aligned/l1,0.5314,1.1547,0.4818,0
1000,within,100,3065,100,18065,0.05,within/aligned/l0.05,1.0,1.961,1.0,0
1001,within,100,3065,100,18065,0.1,within/aligned/l0.1,1.0,2.206,1.0,0
1002,within,100,3065,100,18065,0.2,within/aligned/l0.2,1.0,2.2061,1.0,0
1003,within,100,3065,100,18065,0.4,within/aligned/l0.4,1.0,2.0176,1.0,0
1004,within,100,3065,100,18065,1.0,within/aligned/l1,0.744,1.1409,0.6469,0
1005,within,100,4065,100,12065,0.05,within/aligned/l0.05,1.0,1.8873,1.0,0
1006,within,100,4065,100,12065,0.1,within/aligned/l0.1,1.0,1.6664,1.0,0
1007,within,100,4065,100,12065,0.2,within/aligned/l0.2,1.0,1.5046,1.0,0
1008,within,100,4065,100,12065,0.4,within/aligned/l0.4,1.0,1.3222,1.0,0
1009,within,100,4065,100,12065,1.0,within/aligned/l1,1.0,1.1923,1.0,0
1010,within,96,12065,96,44065,0.05,within/aligned/l0.05,0.0067,1.1058,0.0022,12
1011,within,96,12065,96,44065,0.1,within/aligned/l0.1,0.0293,1.0246,0.01,12
1012,within,96,12065,96,44065,0.2,within/aligned/l0.2,0.247,1.0051,0.0566,12
1013,within,96,12065,96,44065,0.4,within/aligned/l0.4,0.456,1.0009,0.2206,11
1014,within,96,12065,96,44065,1.0,within/aligned/l1,0.6908,1.0001,0.6908,0
1015,within,96,14065,96,50065,0.05,within/aligned/l0.05,0.7492,1.3343,0.7492,0
1016,within,96,14065,96,50065,0.1,within/aligned/l0.1,0.7463,1.3375,0.7463,0
1017,within,96,14065,96,50065,0.2,within/aligned/l0.2,0.7322,1.3537,0.7322,0
1018,within,96,14065,96,50065,0.4,within/aligned/l0.4,0.5049,1.649,0.5049,0
1019,within,96,14065,96,50065,1.0,within/aligned/l1,0.383,1.4154,0.383,0
1020,within,77,1065,77,6065,0.05,within/aligned/l0.05,1.0,1.8689,1.0,0
1021,within,77,1065,77,6065,0.1,within/aligned/l0.1,1.0,1.9218,1.0,0
1022,within,77,1065,77,6065,0.2,within/aligned/l0.2,1.0,2.008,1.0,0
1023,within,77,1065,77,6065,0.4,within/aligned/l0.4,1.0,2.1756,1.0,0
1024,within,77,1065,77,6065,1.0,within/aligned/l1,1.0,2.0991,1.0,0
1025,within,100,10065,100,20065,0.05,within/aligned/l0.05,1.002,1.7999,0.705,0
1026,within,100,10065,100,20065,0.1,within/aligned/l0.1,0.8436,1.297,0.8436,0
1027,within,100,10065,100,20065,0.2,within/aligned/l0.2,0.9814,1.0534,0.934,0
1028,within,100,10065,100,20065,0.4,within/aligned/l0.4,0.9691,1.0122,0.9567,0
1029,within,100,10065,100,20065,1.0,within/aligned/l1,0.9751,1.0012,0.9726,0
1030,within,100,12065,100,20065,0.05,within/aligned/l0.05,1.0,1.6454,0.7068,0
1031,within,100,12065,100,20065,0.1,within/aligned/l0.1,0.5851,1.6499,0.5248,0
1032,within,100,12065,100,20065,0.2,within/aligned/l0.2,0.5236,1.5775,0.5072,0
1033,within,100,12065,100,20065,0.4,within/aligned/l0.4,0.5819,1.4103,0.5527,0
1034,within,100,12065,100,20065,1.0,within/aligned/l1,0.6536,1.0748,0.6536,0
1035,within,100,10065,100,17065,0.05,within/aligned/l0.05,1.0,1.8854,0.8766,0
1036,within,100,10065,100,17065,0.1,within/aligned/l0.1,1.0053,1.3186,0.567,0
1037,within,100,10065,100,17065,0.2,within/aligned/l0.2,0.9003,1.1234,0.4133,0
1038,within,100,10065,100,17065,0.4,within/aligned/l0.4,0.8588,1.0305,0.3944,2
1039,within,100,10065,100,17065,1.0,within/aligned/l1,0.8608,1.0036,0.4543,0
1040,within,96,2065,96,11065,0.05,within/aligned/l0.05,0.9015,1.0547,0.9015,0
1041,within,96,2065,96,11065,0.1,within/aligned/l0.1,0.9004,1.012,0.9004,0
1042,within,96,2065,96,11065,0.2,within/aligned/l0.2,0.8997,1.0024,0.8997,0
1043,within,96,2065,96,11065,0.4,within/aligned/l0.4,0.8994,1.0004,0.8993,0
1044,within,96,2065,96,11065,1.0,within/aligned/l1,0.9014,1.0001,0.9014,0
1045,within,100,12065,100,17065,0.05,within/aligned/l0.05,1.0,1.6349,1.0,0
1046,within,100,12065,100,17065,0.1,within/aligned/l0.1,1.0,1.666,0.5871,0
1047,within,100,12065,100,17065,0.2,within/aligned/l0.2,0.961,1.6949,0.4639,0
1048,within,100,12065,100,17065,0.4,within/aligned/l0.4,0.8337,1.7156,0.3627,0
1049,within,100,12065,100,17065,1.0,within/aligned/l1,0.5448,1.3489,0.4986,0
1050,within,96,20065,96,45065,0.05,within/aligned/l0.05,0.0989,1.0011,0.0033,12
1051,within,96,20065,96,45065,0.1,within/aligned/l0.1,0.3288,1.0003,0.0146,12
1052,within,96,20065,96,45065,0.2,within/aligned/l0.2,0.7033,1.0001,0.1025,11
1053,within,96,20065,96,45065,0.4,within/aligned/l0.4,0.9243,1.0,0.3957,8
1054,within,96,20065,96,45065,1.0,within/aligned/l1,0.494,1.0,0.4486,0
1055,within,96,65,96,51065,0.05,within/aligned/l0.05,1.0,1.3579,1.0,3
1056,within,96,65,96,51065,0.1,within/aligned/l0.1,1.0,1.3647,1.0,5
1057,within,96,65,96,51065,0.2,within/aligned/l0.2,1.0,1.429,1.0,5
1058,within,96,65,96,51065,0.4,within/aligned/l0.4,1.0,1.7906,0.004,4
1059,within,96,65,96,51065,1.0,within/aligned/l1,1.0,1.5249,1.0,0
1060,within,96,39065,96,55065,0.05,within/aligned/l0.05,1.0,1.1755,1.0,0
1061,within,96,39065,96,55065,0.1,within/aligned/l0.1,1.0,1.1855,1.0,0
1062,within,96,39065,96,55065,0.2,within/aligned/l0.2,1.0,1.2473,1.0,2
1063,within,96,39065,96,55065,0.4,within/aligned/l0.4,1.0,1.6115,1.0,1
1064,within,96,39065,96,55065,1.0,within/aligned/l1,1.1141,1.7995,1.0,0
1065,within,96,11065,96,47065,0.05,within/aligned/l0.05,0.6647,1.0795,0.6453,0
1066,within,96,11065,96,47065,0.1,within/aligned/l0.1,0.6447,1.0198,0.6418,0
1067,within,96,11065,96,47065,0.2,within/aligned/l0.2,0.6084,1.0041,0.6077,0
1068,within,96,11065,96,47065,0.4,within/aligned/l0.4,0.6104,1.0007,0.6103,0
1069,within,96,11065,96,47065,1.0,within/aligned/l1,0.6096,1.0001,0.6096,0
1070,within,96,29065,96,54065,0.05,within/aligned/l0.05,0.9002,1.05,0.887,0
1071,within,96,29065,96,54065,0.1,within/aligned/l0.1,0.8948,1.0112,0.8919,0
1072,within,96,29065,96,54065,0.2,within/aligned/l0.2,0.8924,1.0023,0.891,0
1073,within,96,29065,96,54065,0.4,within/aligned/l0.4,0.8912,1.0004,0.891,0
1074,within,96,29065,96,54065,1.0,within/aligned/l1,0.8906,1.0001,0.8906,0
1075,within,96,14065,96,56065,0.05,within/aligned/l0.05,0.7492,1.3343,0.7492,0
1076,within,96,14065,96,56065,0.1,within/aligned/l0.1,0.7463,1.3375,0.7463,0
1077,within,96,14065,96,56065,0.2,within/aligned/l0.2,0.7322,1.3537,0.7322,0
1078,within,96,14065,96,56065,0.4,within/aligned/l0.4,0.6578,1.4281,0.6578,0
1079,within,96,14065,96,56065,1.0,within/aligned/l1,0.3636,1.3599,0.3636,0
1080,within,96,1065,96,39065,0.05,within/aligned/l0.05,0.9138,1.1318,0.9138,0
1081,within,96,1065,96,39065,0.1,within/aligned/l0.1,0.9064,1.1482,0.9064,0
1082,within,96,1065,96,39065,0.2,within/aligned/l0.2,0.8329,1.2746,0.8329,0
1083,within,96,1065,96,39065,0.4,within/aligned/l0.4,0.6123,1.8051,0.6123,0
1084,within,96,1065,96,39065,1.0,within/aligned/l1,0.5503,1.5096,0.5267,0
1085,within,96,8065,96,43065,0.05,within/aligned/l0.05,0.9055,1.0001,0.9051,0
1086,within,96,8065,96,43065,0.1,within/aligned/l0.1,0.9055,1.0001,0.9051,0
1087,within,96,8065,96,43065,0.2,within/aligned/l0.2,0.9055,1.0001,0.9052,0
1088,within,96,8065,96,43065,0.4,within/aligned/l0.4,0.9053,1.0001,0.9053,0
1089,within,96,8065,96,43065,1.0,within/aligned/l1,0.9049,1.0001,0.9049,0
1090,within,96,37065,96,48065,0.05,within/aligned/l0.05,0.8445,1.0445,0.8445,0
1091,within,96,37065,96,48065,0.1,within/aligned/l0.1,0.8443,1.01,0.8443,0
1092,within,96,37065,96,48065,0.2,within/aligned/l0.2,0.8426,1.002,0.8426,0
1093,within,96,37065,96,48065,0.4,within/aligned/l0.4,0.8369,1.0004,0.8369,0
1094,within,96,37065,96,48065,1.0,within/aligned/l1,0.8405,1.0,0.8405,0
1095,within,77,65,77,5065,0.05,within/aligned/l0.05,1.0,1.8412,1.0,0
1096,within,77,65,77,5065,0.1,within/aligned/l0.1,1.0,1.8737,1.0,0
1097,within,77,65,77,5065,0.2,within/aligned/l0.2,1.0,1.9566,1.0,0
1098,within,77,65,77,5065,0.4,within/aligned/l0.4,1.0,2.0995,1.0,0
1099,within,77,65,77,5065,1.0,within/aligned/l1,0.4378,2.4481,0.4378,0
1100,within,31,3065,31,8065,0.05,within/aligned/l0.05,1.0,2.1554,1.0,0
1101,within,31,3065,31,8065,0.1,within/aligned/l0.1,1.0,2.1247,1.0,0
1102,within,31,3065,31,8065,0.2,within/aligned/l0.2,1.0,2.1255,1.0,0
1103,within,31,3065,31,8065,0.4,within/aligned/l0.4,1.0,2.1623,1.0,0
1104,within,31,3065,31,8065,1.0,within/aligned/l1,1.0,2.2379,1.0,0
1105,within,96,5065,96,16065,0.05,within/aligned/l0.05,0.8403,1.0552,0.8383,0
1106,within,96,5065,96,16065,0.1,within/aligned/l0.1,0.8606,1.0123,0.8601,0
1107,within,96,5065,96,16065,0.2,within/aligned/l0.2,0.8699,1.0025,0.8698,0
1108,within,96,5065,96,16065,0.4,within/aligned/l0.4,0.8742,1.0004,0.8741,0
1109,within,96,5065,96,16065,1.0,within/aligned/l1,0.8764,1.0001,0.8764,0
1110,within,96,20065,96,44065,0.05,within/aligned/l0.05,0.0068,1.0012,0.0023,12
1111,within,96,20065,96,44065,0.1,within/aligned/l0.1,0.0296,1.0003,0.0101,12
1112,within,96,20065,96,44065,0.2,within/aligned/l0.2,0.1303,1.0001,0.0476,12
1113,within,96,20065,96,44065,0.4,within/aligned/l0.4,0.6547,1.0,0.2598,10
1114,within,96,20065,96,44065,1.0,within/aligned/l1,0.6988,1.0,0.6988,0
1115,within,96,23065,96,38065,0.05,within/aligned/l0.05,0.818,1.0042,0.7601,0
1116,within,96,23065,96,38065,0.1,within/aligned/l0.1,0.7975,1.001,0.7904,0
1117,within,96,23065,96,38065,0.2,within/aligned/l0.2,0.7897,1.0002,0.7887,0
1118,within,96,23065,96,38065,0.4,within/aligned/l0.4,0.7865,1.0,0.786,0
1119,within,96,23065,96,38065,1.0,within/aligned/l1,0.79,1.0,0.7899,0
1120,within,100,1065,100,13065,0.05,within/aligned/l0.05,0.9355,1.7546,0.776,0
1121,within,100,1065,100,13065,0.1,within/aligned/l0.1,0.8656,1.885,0.5575,0
1122,within,100,1065,100,13065,0.2,within/aligned/l0.2,0.7866,1.9968,0.4334,0
1123,within,100,1065,100,13065,0.4,within/aligned/l0.4,0.6985,1.7474,0.3986,0
1124,within,100,1065,100,13065,1.0,within/aligned/l1,0.6216,1.1749,0.6145,0
